comment,video_id,video_title,source_query,fetched_at
Knp muka tu mcm tskur jer😊,Bvjg8KDUu0M,"PRN bukan pemilihan presiden, Tok Mat kata buang masa debat",Malaysia news debate,2026-07-26T22:35:40
"Ini malam menang ,esok semua kena dah 😂",Bvjg8KDUu0M,"PRN bukan pemilihan presiden, Tok Mat kata buang masa debat",Malaysia news debate,2026-07-26T22:35:40
Takut berdebat pulak...cakap belakang buat main hebat...rakyat memerhati.,Bvjg8KDUu0M,"PRN bukan pemilihan presiden, Tok Mat kata buang masa debat",Malaysia news debate,2026-07-26T22:35:40
Tok mat romen kuat dgn parti pasu  rupannya tok mat pun koncingggg,Bvjg8KDUu0M,"PRN bukan pemilihan presiden, Tok Mat kata buang masa debat",Malaysia news debate,2026-07-26T22:35:40
"Tolak UmPAs #HuMPas
Kaki sakau dan gila kuasa. Pulangkan segera MB Perak dan Pahang kepada PH. Umno dah lupo diri dan tak tahu malu.",Bvjg8KDUu0M,"PRN bukan pemilihan presiden, Tok Mat kata buang masa debat",Malaysia news debate,2026-07-26T22:35:40
Menyambung kerja yang tergendala hahahaha hah menyakau menyamun ke. Ya tak ya juga kena menang la baru boleh delete segala bukti2 Mana2 yang tak sempat Padam Bila kalah dulu Tu ya,Bvjg8KDUu0M,"PRN bukan pemilihan presiden, Tok Mat kata buang masa debat",Malaysia news debate,2026-07-26T22:35:40
Apapun buang je pres tok mat. You lead.,Bvjg8KDUu0M,"PRN bukan pemilihan presiden, Tok Mat kata buang masa debat",Malaysia news debate,2026-07-26T22:35:40
BN SUDAH 60 TAHUN BERPRNGALAMAN.,Bvjg8KDUu0M,"PRN bukan pemilihan presiden, Tok Mat kata buang masa debat",Malaysia news debate,2026-07-26T22:35:40
PH SUDAH PUTUS HARAPAN.,Bvjg8KDUu0M,"PRN bukan pemilihan presiden, Tok Mat kata buang masa debat",Malaysia news debate,2026-07-26T22:35:40
Buang Masa apanya… yg terbaik DEBAT baru tau siapa yg layak utk jd MB… masa sekarang contoh mcm di Negeri USA hanya ada DUA Parti shj….( ambil yg baik tolak jahat)….aparah….Muka ada nmpak merah… Marah ke….!!! NAK SAMBUNG KERJA YG TERGENDALA….😅😅😅.. Semuanya tak betul yer abis tu SIAPA yg betul….,Bvjg8KDUu0M,"PRN bukan pemilihan presiden, Tok Mat kata buang masa debat",Malaysia news debate,2026-07-26T22:35:40
Yes. Sambungan lebuhraya lingkaran tengah hingga jalan mantin tu tok. PH gagal nak teruskan projek ini.,Bvjg8KDUu0M,"PRN bukan pemilihan presiden, Tok Mat kata buang masa debat",Malaysia news debate,2026-07-26T22:35:40
Paling tk minat berdebat hjg2 nt gaduh,Bvjg8KDUu0M,"PRN bukan pemilihan presiden, Tok Mat kata buang masa debat",Malaysia news debate,2026-07-26T22:35:40
Tokmat boleh jadi PM,Bvjg8KDUu0M,"PRN bukan pemilihan presiden, Tok Mat kata buang masa debat",Malaysia news debate,2026-07-26T22:35:40
Parti kuat RASUAH Dan Pengkainatiii mana tahuu debat.,Bvjg8KDUu0M,"PRN bukan pemilihan presiden, Tok Mat kata buang masa debat",Malaysia news debate,2026-07-26T22:35:40
Mazlee dijadikan poster boy pun PKR kalah teruk.,Bvjg8KDUu0M,"PRN bukan pemilihan presiden, Tok Mat kata buang masa debat",Malaysia news debate,2026-07-26T22:35:40
Umno perosak bangsa nya sendiri sanggup gadai agama bangsa melayu itu sendiri....😮😮😮😮,Bvjg8KDUu0M,"PRN bukan pemilihan presiden, Tok Mat kata buang masa debat",Malaysia news debate,2026-07-26T22:35:40
"kenapa x boleh debate,  calon mb dari BN lawan calon mb dari PH",Bvjg8KDUu0M,"PRN bukan pemilihan presiden, Tok Mat kata buang masa debat",Malaysia news debate,2026-07-26T22:35:40
debat dgn PH DAP kaki kencing buat hapaaaaa!! 😂,Bvjg8KDUu0M,"PRN bukan pemilihan presiden, Tok Mat kata buang masa debat",Malaysia news debate,2026-07-26T22:35:40
Poyo mangkuk hayun ni,Bvjg8KDUu0M,"PRN bukan pemilihan presiden, Tok Mat kata buang masa debat",Malaysia news debate,2026-07-26T22:35:40
🤔🫡..dulu aku 100% percaya dan aku antara fan dia ni tapi semenjak dia ikut kata dan terrrrrrr umdap 10% jer aku percaya itu pun kookkkkkk...yo ...!!!......tapi klu nengok caro dio kobar skrng ni mcm tk real dri hati jer...apo2 pun 1/8 kito poie undi...hidup mat isa ffeennddeekkk😂🤣🤣🤣🤣🤣🤣🤣🤣..hancusss...🫵👻🤡☠️,Bvjg8KDUu0M,"PRN bukan pemilihan presiden, Tok Mat kata buang masa debat",Malaysia news debate,2026-07-26T22:35:40
Ajak debat takut TP sakau duit rakyat berani😂🤣,Bvjg8KDUu0M,"PRN bukan pemilihan presiden, Tok Mat kata buang masa debat",Malaysia news debate,2026-07-26T22:35:40
Takut berdebat sebab takut wang sakau terdedah Ambik RM30B bagi rakyat RM300 ringgit ROI giler lumayan tu,Bvjg8KDUu0M,"PRN bukan pemilihan presiden, Tok Mat kata buang masa debat",Malaysia news debate,2026-07-26T22:35:40
"Nak debat, debat ngan samsoldebat lah😂😂",Bvjg8KDUu0M,"PRN bukan pemilihan presiden, Tok Mat kata buang masa debat",Malaysia news debate,2026-07-26T22:35:40
Debat apo. Buang masa. Jangan layan,Bvjg8KDUu0M,"PRN bukan pemilihan presiden, Tok Mat kata buang masa debat",Malaysia news debate,2026-07-26T22:35:40
Ni muka yg nk lawan Zahid Hamidi dlm pemilihan presiden UMNO..,Bvjg8KDUu0M,"PRN bukan pemilihan presiden, Tok Mat kata buang masa debat",Malaysia news debate,2026-07-26T22:35:40
"Orang cabar debat, dah takut. Tak payah jadi pemimpin.",Bvjg8KDUu0M,"PRN bukan pemilihan presiden, Tok Mat kata buang masa debat",Malaysia news debate,2026-07-26T22:35:40
Team sakau BN.. awat takut sgt nak dedah RCI TH.. sembang kari😅,Bvjg8KDUu0M,"PRN bukan pemilihan presiden, Tok Mat kata buang masa debat",Malaysia news debate,2026-07-26T22:35:40
Bersatu lah wahai umat islam....,Bvjg8KDUu0M,"PRN bukan pemilihan presiden, Tok Mat kata buang masa debat",Malaysia news debate,2026-07-26T22:35:40
terbaik tok mat 👍🏼👍🏼👍🏼,Bvjg8KDUu0M,"PRN bukan pemilihan presiden, Tok Mat kata buang masa debat",Malaysia news debate,2026-07-26T22:35:40
Hidup tok mat💪🏻💪🏻💪🏻,Bvjg8KDUu0M,"PRN bukan pemilihan presiden, Tok Mat kata buang masa debat",Malaysia news debate,2026-07-26T22:35:40
Rasuah is come back 😅😅😅,Bvjg8KDUu0M,"PRN bukan pemilihan presiden, Tok Mat kata buang masa debat",Malaysia news debate,2026-07-26T22:35:40
X ada point le tu…….,Bvjg8KDUu0M,"PRN bukan pemilihan presiden, Tok Mat kata buang masa debat",Malaysia news debate,2026-07-26T22:35:40
BN penyangak,Bvjg8KDUu0M,"PRN bukan pemilihan presiden, Tok Mat kata buang masa debat",Malaysia news debate,2026-07-26T22:35:40
Mazlee level2 tapak kasut hitam je😂,Bvjg8KDUu0M,"PRN bukan pemilihan presiden, Tok Mat kata buang masa debat",Malaysia news debate,2026-07-26T22:35:40
BN & PN 👍,Bvjg8KDUu0M,"PRN bukan pemilihan presiden, Tok Mat kata buang masa debat",Malaysia news debate,2026-07-26T22:35:40
Tak mahu berdebat jangan peleceh orang. Orang yg kau peleceh itu ada PHD. Kau ade? Aku ni tak pernah menjadi ahli mana-mana parti politik. Tapi kalau tengok orang cakap macam aku nenyampah. Tak kira sape sekali pun.,Bvjg8KDUu0M,"PRN bukan pemilihan presiden, Tok Mat kata buang masa debat",Malaysia news debate,2026-07-26T22:35:40
tak payah layan la harapan hancing tu buang masa je,Bvjg8KDUu0M,"PRN bukan pemilihan presiden, Tok Mat kata buang masa debat",Malaysia news debate,2026-07-26T22:35:40
mat hasan sembang besar,Bvjg8KDUu0M,"PRN bukan pemilihan presiden, Tok Mat kata buang masa debat",Malaysia news debate,2026-07-26T22:35:40
"N20 Labu. Jika BN memang nti, Jgn Lupa Rakyat yg Pangkah BN . Yang Lepas N20 utamakn famili sesaorang bagi Rakyat yg lain, Koroni famili pun ego Semua famili ITU Racun DN sombong.",Bvjg8KDUu0M,"PRN bukan pemilihan presiden, Tok Mat kata buang masa debat",Malaysia news debate,2026-07-26T22:35:40
"NO WAK JAHAT,NO ANUAR,NO DAP,NO UMDAPPP MANTAPPP....!!!😅😅😅",Bvjg8KDUu0M,"PRN bukan pemilihan presiden, Tok Mat kata buang masa debat",Malaysia news debate,2026-07-26T22:35:40
"Manifesto nk mentekedarah duit rakyat n.9....masa ko dlu duit sikit,skrg dh berbilion....",Bvjg8KDUu0M,"PRN bukan pemilihan presiden, Tok Mat kata buang masa debat",Malaysia news debate,2026-07-26T22:35:40
Cuma...kaki sakau tolong tendang keluar..,Bvjg8KDUu0M,"PRN bukan pemilihan presiden, Tok Mat kata buang masa debat",Malaysia news debate,2026-07-26T22:35:40
Pengecut lh tu,Bvjg8KDUu0M,"PRN bukan pemilihan presiden, Tok Mat kata buang masa debat",Malaysia news debate,2026-07-26T22:35:40
"Debat buang masa, sakau tak buang masa..",Bvjg8KDUu0M,"PRN bukan pemilihan presiden, Tok Mat kata buang masa debat",Malaysia news debate,2026-07-26T22:35:40
Umno mana telo kalo nak befebat,Bvjg8KDUu0M,"PRN bukan pemilihan presiden, Tok Mat kata buang masa debat",Malaysia news debate,2026-07-26T22:35:40
Jgn percaya Umno sbb mereka ni yg telah byk merompak negara & mengkayakan kroni,Bvjg8KDUu0M,"PRN bukan pemilihan presiden, Tok Mat kata buang masa debat",Malaysia news debate,2026-07-26T22:35:40
Warihhh nih KUAT WAYANG,Bvjg8KDUu0M,"PRN bukan pemilihan presiden, Tok Mat kata buang masa debat",Malaysia news debate,2026-07-26T22:35:40
"bakal calon mb negeri9 ni bila bercakap sangat tenang,kemas dan nampak nilai kepimpinan yang tinggi,sebab tu BN ni dari dulu sangat berpengalaman luas dalam memerintah negara dengan ahli politik yang matang,senang kata 1malaysia lah",Bvjg8KDUu0M,"PRN bukan pemilihan presiden, Tok Mat kata buang masa debat",Malaysia news debate,2026-07-26T22:35:40
"Jaga jaga nanti takut dia mengadu kat long tiger jaa ,kata laa lebih lebih dekat pak cik ni😅😂😂😂😂😂😂",Bvjg8KDUu0M,"PRN bukan pemilihan presiden, Tok Mat kata buang masa debat",Malaysia news debate,2026-07-26T22:35:40
🎉,Bvjg8KDUu0M,"PRN bukan pemilihan presiden, Tok Mat kata buang masa debat",Malaysia news debate,2026-07-26T22:35:40
"Takutlah tu,,,",Bvjg8KDUu0M,"PRN bukan pemilihan presiden, Tok Mat kata buang masa debat",Malaysia news debate,2026-07-26T22:35:40
Tok mat naik president,Bvjg8KDUu0M,"PRN bukan pemilihan presiden, Tok Mat kata buang masa debat",Malaysia news debate,2026-07-26T22:35:40
"PMX bagi telago minyak, Tok Mat nak bagi apa pulak? 😂",Bvjg8KDUu0M,"PRN bukan pemilihan presiden, Tok Mat kata buang masa debat",Malaysia news debate,2026-07-26T22:35:40
"Mari tendang zahid..
Biar tok mat ganti jadi presiden..
Zahid seorang yang bermuka-muka..
Tajam lidah dari pisau..",Bvjg8KDUu0M,"PRN bukan pemilihan presiden, Tok Mat kata buang masa debat",Malaysia news debate,2026-07-26T22:35:40
Bnyk duit resev n9 tok mat ..risau tk gunakn,Bvjg8KDUu0M,"PRN bukan pemilihan presiden, Tok Mat kata buang masa debat",Malaysia news debate,2026-07-26T22:35:40
Tok mat kalah ..nanti tau la level,Bvjg8KDUu0M,"PRN bukan pemilihan presiden, Tok Mat kata buang masa debat",Malaysia news debate,2026-07-26T22:35:40
BN mana tahu berdebat,Bvjg8KDUu0M,"PRN bukan pemilihan presiden, Tok Mat kata buang masa debat",Malaysia news debate,2026-07-26T22:35:40
Aku dah tak cayokan lagi tokmat ni...,Bvjg8KDUu0M,"PRN bukan pemilihan presiden, Tok Mat kata buang masa debat",Malaysia news debate,2026-07-26T22:35:40
Tak layak,Bvjg8KDUu0M,"PRN bukan pemilihan presiden, Tok Mat kata buang masa debat",Malaysia news debate,2026-07-26T22:35:40
Ingat sudage sudagi.tokmat dah mulo amalkan bancuh tongkat ali.minum satu malam 44 kali.nak kuatkan urat kaki.monang esok dio nak bantai menari sama wak jaid.fahamlah..senyum mulut jijak tolingo.wak ang tokono semua.😊😮😅🎉🎉🎉🎉❤,Bvjg8KDUu0M,"PRN bukan pemilihan presiden, Tok Mat kata buang masa debat",Malaysia news debate,2026-07-26T22:35:40
❤ Hidup UMNOBN,Bvjg8KDUu0M,"PRN bukan pemilihan presiden, Tok Mat kata buang masa debat",Malaysia news debate,2026-07-26T22:35:40
"apa depat depat   tak ada keberuntungan 
kempen pun sudah memadai
terbaekk BN",Bvjg8KDUu0M,"PRN bukan pemilihan presiden, Tok Mat kata buang masa debat",Malaysia news debate,2026-07-26T22:35:40
"Ini nk memilih MB, lg besar peranannya berbanding pemilihan presiden. Debat lh paling baik. Kita tunjukkan manifesto dan kejayaan parti kita sepanjang pemerintahan. Semua rakyat blh dgr. Kalau takat becakap dpn penyokong sendiri mmg lah kita hero.",Bvjg8KDUu0M,"PRN bukan pemilihan presiden, Tok Mat kata buang masa debat",Malaysia news debate,2026-07-26T22:35:40
Dia ni cakap besar sangat.. insyallah kalau BN kalah memang itu lah petunjuk ALLAH untuk orang Malaysia,Bvjg8KDUu0M,"PRN bukan pemilihan presiden, Tok Mat kata buang masa debat",Malaysia news debate,2026-07-26T22:35:40
Tukar mb lain la...tk mau org yg sama lg...,Bvjg8KDUu0M,"PRN bukan pemilihan presiden, Tok Mat kata buang masa debat",Malaysia news debate,2026-07-26T22:35:40
"Dah lah tu tok mat sembang kari.
BN perasuah sapu duit tabung Haji.",Bvjg8KDUu0M,"PRN bukan pemilihan presiden, Tok Mat kata buang masa debat",Malaysia news debate,2026-07-26T22:35:40
Jangan angkuh,Bvjg8KDUu0M,"PRN bukan pemilihan presiden, Tok Mat kata buang masa debat",Malaysia news debate,2026-07-26T22:35:40
"Tok Mat nampaknya bukan main sombong dan angkuh sejak kebelakangan ni, mungkin mentang mentang umno menang besar di prn johor......",Bvjg8KDUu0M,"PRN bukan pemilihan presiden, Tok Mat kata buang masa debat",Malaysia news debate,2026-07-26T22:35:40
Cakap sedap set2 kamu yg bedal duit rakyat..xyah menipu rakyat,Bvjg8KDUu0M,"PRN bukan pemilihan presiden, Tok Mat kata buang masa debat",Malaysia news debate,2026-07-26T22:35:40
"Debat buang masa 
PRN belum sampai masa 
Boleh pulak
Buang masa pengundi 😀",Bvjg8KDUu0M,"PRN bukan pemilihan presiden, Tok Mat kata buang masa debat",Malaysia news debate,2026-07-26T22:35:40
tokmat takut tolak zahid.. sggup kne pgang tlur,Bvjg8KDUu0M,"PRN bukan pemilihan presiden, Tok Mat kata buang masa debat",Malaysia news debate,2026-07-26T22:35:40
"Jgn debat, main pantun je😅😅😅",Bvjg8KDUu0M,"PRN bukan pemilihan presiden, Tok Mat kata buang masa debat",Malaysia news debate,2026-07-26T22:35:40
"Yang betul nya n9 akan ikut jejak langkah sabah dan johor dalam menolak dap pakatan hancing🎉🎉🎉

*TAHNIAH SABAH & JOHOR!!!N9 ON THE WAY!!!* 💪💪💪",Bvjg8KDUu0M,"PRN bukan pemilihan presiden, Tok Mat kata buang masa debat",Malaysia news debate,2026-07-26T22:35:40
Kaki gila kuasa nii..dah tak relevan dah geng2 tua nii kaku putar alam..pilihlah anak muda yg berkaliber dan berpendidikan..bukan jenis hasut perkauman...tunggang agama..rakyat harus bangkit buang BN PAS PN,Bvjg8KDUu0M,"PRN bukan pemilihan presiden, Tok Mat kata buang masa debat",Malaysia news debate,2026-07-26T22:35:40
parti yang kuat berdebat kurang dapat fokus kepada strategi ekonomi dan pelaksanaan berkesan,Bvjg8KDUu0M,"PRN bukan pemilihan presiden, Tok Mat kata buang masa debat",Malaysia news debate,2026-07-26T22:35:40
Hati busuk,Bvjg8KDUu0M,"PRN bukan pemilihan presiden, Tok Mat kata buang masa debat",Malaysia news debate,2026-07-26T22:35:40
BN ❤❤❤,Bvjg8KDUu0M,"PRN bukan pemilihan presiden, Tok Mat kata buang masa debat",Malaysia news debate,2026-07-26T22:35:40
MANUSIA INI TALAM 2 MUKA. CAKAP MENIPU AJA PADA RAKYAT MALAYSIA. MANUSIA YANG TIDAK ADA RASA MALU. PUI PUI PUI.,Bvjg8KDUu0M,"PRN bukan pemilihan presiden, Tok Mat kata buang masa debat",Malaysia news debate,2026-07-26T22:35:40
Alamak.. Dua2 Mantan MB debat apa salahnya.. Biar laa rakyat tgk...,Bvjg8KDUu0M,"PRN bukan pemilihan presiden, Tok Mat kata buang masa debat",Malaysia news debate,2026-07-26T22:35:40
PH rasa hebat. Memang mereka hebat!!!!Hebat apa? 1. Hebat bercakap. 2. Hebat berbohong. 3. Hebat berjanji. 4. Hebat kelentong. 5. Lain2 yg sesuai. Akhir sekali entah nombor apa .....Hebat KENCING😂😂😂😂😂😂😂😂😂😂😂😂😂😂😂😂😂,Bvjg8KDUu0M,"PRN bukan pemilihan presiden, Tok Mat kata buang masa debat",Malaysia news debate,2026-07-26T22:35:40
UMNO Memang takut Dialog & Debat kerana Pasti Jenayah ketirisan dan Rasuah yg Mereka sembunyikan Akan di ketahui Rakyat. Mathasan Takut.,Bvjg8KDUu0M,"PRN bukan pemilihan presiden, Tok Mat kata buang masa debat",Malaysia news debate,2026-07-26T22:35:40
"muke mB yg penuh dendam kesumat bile dijatuhkn oleh pH dulu, , 😅😂",Bvjg8KDUu0M,"PRN bukan pemilihan presiden, Tok Mat kata buang masa debat",Malaysia news debate,2026-07-26T22:35:40
Betul tu. Tak guna debat dgn kaki kencing😂,Bvjg8KDUu0M,"PRN bukan pemilihan presiden, Tok Mat kata buang masa debat",Malaysia news debate,2026-07-26T22:35:40
"Tok mat nie ni kene pecat jugak  dia ,wak jahid pecat jer ..sama 2kali 5",Bvjg8KDUu0M,"PRN bukan pemilihan presiden, Tok Mat kata buang masa debat",Malaysia news debate,2026-07-26T22:35:40
1st time aku dengar tok mat bercakap aku bole kata releven la...pemikiran pemimpin kene atas sikit dr rakyat... tahniah mr clean da kluar dan brani bersuara....,Bvjg8KDUu0M,"PRN bukan pemilihan presiden, Tok Mat kata buang masa debat",Malaysia news debate,2026-07-26T22:35:40
Yang tergendala???? Tergendala la  mat Oii.. Sekarang kan dah rm 1.3 bilion...Meleleh air liur...,Bvjg8KDUu0M,"PRN bukan pemilihan presiden, Tok Mat kata buang masa debat",Malaysia news debate,2026-07-26T22:35:40
Kau ini ular dalam kerajaan,Bvjg8KDUu0M,"PRN bukan pemilihan presiden, Tok Mat kata buang masa debat",Malaysia news debate,2026-07-26T22:35:40
😊😊😊😊😊 setepekkkk kena mazlee,Bvjg8KDUu0M,"PRN bukan pemilihan presiden, Tok Mat kata buang masa debat",Malaysia news debate,2026-07-26T22:35:40
Takuttt n pengecuttt😅,Bvjg8KDUu0M,"PRN bukan pemilihan presiden, Tok Mat kata buang masa debat",Malaysia news debate,2026-07-26T22:35:40
Mantap tok mat den,Bvjg8KDUu0M,"PRN bukan pemilihan presiden, Tok Mat kata buang masa debat",Malaysia news debate,2026-07-26T22:35:40
Betull tu Tok Mat... Debat pun x menguntungkan sesiapa kalau intinya x berkualiti.. Kami yakin Tok Mat lebih mudah difahami Dari pemimpin2 BN yg lain. Semoga Tok Mat akan diterima sepenuhnya oleh rakyat x kira Dari Parti mana sekali pun...,Bvjg8KDUu0M,"PRN bukan pemilihan presiden, Tok Mat kata buang masa debat",Malaysia news debate,2026-07-26T22:35:40
Halau PH dr Nismilan,Bvjg8KDUu0M,"PRN bukan pemilihan presiden, Tok Mat kata buang masa debat",Malaysia news debate,2026-07-26T22:35:40
Tok mat bersih...tolak zahid,Bvjg8KDUu0M,"PRN bukan pemilihan presiden, Tok Mat kata buang masa debat",Malaysia news debate,2026-07-26T22:35:40
"🤔 Bagi semula kat Isa Samad la ,🤭🤣",Bvjg8KDUu0M,"PRN bukan pemilihan presiden, Tok Mat kata buang masa debat",Malaysia news debate,2026-07-26T22:35:40
"Terbaik tok mat.. maku BN, menang BN",Bvjg8KDUu0M,"PRN bukan pemilihan presiden, Tok Mat kata buang masa debat",Malaysia news debate,2026-07-26T22:35:40
Dah takut pastu perlekeh pulak Maszlee level ketua bahagian..umngok umngok😂,Bvjg8KDUu0M,"PRN bukan pemilihan presiden, Tok Mat kata buang masa debat",Malaysia news debate,2026-07-26T22:35:40
Takut,Bvjg8KDUu0M,"PRN bukan pemilihan presiden, Tok Mat kata buang masa debat",Malaysia news debate,2026-07-26T22:35:40
Tergendala nak tebuk atap🫣🫣🫣,Bvjg8KDUu0M,"PRN bukan pemilihan presiden, Tok Mat kata buang masa debat",Malaysia news debate,2026-07-26T22:35:40
"Biar apa orang kata, kurang bercakap tapi kerja jalan dan rakyat akan nilai.....",Bvjg8KDUu0M,"PRN bukan pemilihan presiden, Tok Mat kata buang masa debat",Malaysia news debate,2026-07-26T22:35:40
"Tau nak debat, nak cakap pandai , janji bulan bintang., last last hancing..😂",Bvjg8KDUu0M,"PRN bukan pemilihan presiden, Tok Mat kata buang masa debat",Malaysia news debate,2026-07-26T22:35:40
Where is the actual recording,Dspw8hjkK50,(Ep 18) Last straw: Lee Kuan Yew issues challenge in Malaysia parliament | Merger To Separation,Malaysia news debate,2026-07-26T22:35:41
"Di mana bumi di pijak
Di situ langit di junjung",Dspw8hjkK50,(Ep 18) Last straw: Lee Kuan Yew issues challenge in Malaysia parliament | Merger To Separation,Malaysia news debate,2026-07-26T22:35:41
"By speaking in fluent Malay, LKY was showing just how much of a threat he was to the Malay establishment and their plans to keep the Malay people forever at the tit of ""special rights"", 

Today we see all of LKY's predictions come true. Malaysian politics is forever embroiled in racialism with the Malay ultras constantly screaming about protecting their special rights (JANGAN CABAR HAK AKU!) and implying a repeat of May 13th race riots if anyone dares to question it. Malay corporations depend heavily on protectionism to survive, like Proton and Perodua car manufacturers who are protected from foreign EV competitors like BYD.",Dspw8hjkK50,(Ep 18) Last straw: Lee Kuan Yew issues challenge in Malaysia parliament | Merger To Separation,Malaysia news debate,2026-07-26T22:35:41
💖L🦁🇸🇬🦁🌎💖K🦁🇸🇬🦁💖Y⚡✌️⚡,Dspw8hjkK50,(Ep 18) Last straw: Lee Kuan Yew issues challenge in Malaysia parliament | Merger To Separation,Malaysia news debate,2026-07-26T22:35:41
failed state Malaysia.,Dspw8hjkK50,(Ep 18) Last straw: Lee Kuan Yew issues challenge in Malaysia parliament | Merger To Separation,Malaysia news debate,2026-07-26T22:35:41
I have something that proves his control is fake it's all linked they are going to end up with the people challenging their organisation waking up to their Emmy award winning performance the truth will reveal itself I know the ones they sacrifice for their own benefit. What I experienced from them in migrating from where I was born then coming to Australia to get away from their illegal activities only to suffer their practices in a new country that shows there is more to the world then being trapped in their circle,Dspw8hjkK50,(Ep 18) Last straw: Lee Kuan Yew issues challenge in Malaysia parliament | Merger To Separation,Malaysia news debate,2026-07-26T22:35:41
Is there any way for me to listen the whole speech?,Dspw8hjkK50,(Ep 18) Last straw: Lee Kuan Yew issues challenge in Malaysia parliament | Merger To Separation,Malaysia news debate,2026-07-26T22:35:41
"Jalarta once had this kind of leader but many uses religion issue, this and that and threw him to a prison.. 

Many person who wants to serve to the society in Indonesia, they threw it to the prison with many reasons..

Indonesia have an opportunity to become a great nation but its a shame, Indonesia will always thousands steps behind of Singapore, dont imagine to even on a par, because our society full of hypocrites.",Dspw8hjkK50,(Ep 18) Last straw: Lee Kuan Yew issues challenge in Malaysia parliament | Merger To Separation,Malaysia news debate,2026-07-26T22:35:41
Walaoeh is this really what Grandpa LKY said back then? Can someone from SG confirm this??,Dspw8hjkK50,(Ep 18) Last straw: Lee Kuan Yew issues challenge in Malaysia parliament | Merger To Separation,Malaysia news debate,2026-07-26T22:35:41
"His speech still rings too even today, and not only in Singapore/Malaysia, but in other countries as well. As more and more identity politic rises again.",Dspw8hjkK50,(Ep 18) Last straw: Lee Kuan Yew issues challenge in Malaysia parliament | Merger To Separation,Malaysia news debate,2026-07-26T22:35:41
"LKY is a top brainier, he was the brilliant scholar of Cambridge Law School, UK. 
In every year's exam, in every paper he was the top scorer, beating all other whiteman students, in Law. 
He graduated with top 1st class Honours with Double Distinction**, and his name is carved into the Hall of Fame, Law School Cambridge, UK. 
No way, can any other MPs beat him on eloquence, logic, reasoning & legality to move forward on national issues in the Parliament, in regards to the Federation of Malaysia. 
They were so scare of him & to stop him, they expelled him/ Singapore from the Federation of Malaysia. The rest is history.",Dspw8hjkK50,(Ep 18) Last straw: Lee Kuan Yew issues challenge in Malaysia parliament | Merger To Separation,Malaysia news debate,2026-07-26T22:35:41
Respect.,Dspw8hjkK50,(Ep 18) Last straw: Lee Kuan Yew issues challenge in Malaysia parliament | Merger To Separation,Malaysia news debate,2026-07-26T22:35:41
LKY spoke with logic and common sense which they could not accept nor understand. The separation was a great blessing to Singapore.,Dspw8hjkK50,(Ep 18) Last straw: Lee Kuan Yew issues challenge in Malaysia parliament | Merger To Separation,Malaysia news debate,2026-07-26T22:35:41
Pls share the full speech of LKY,Dspw8hjkK50,(Ep 18) Last straw: Lee Kuan Yew issues challenge in Malaysia parliament | Merger To Separation,Malaysia news debate,2026-07-26T22:35:41
🕊️💖🦁🇸🇬🦁🌏🦁🇸🇬🦁💖🕊️✌🏾🙋🏾‍♀️👍🏾,Dspw8hjkK50,(Ep 18) Last straw: Lee Kuan Yew issues challenge in Malaysia parliament | Merger To Separation,Malaysia news debate,2026-07-26T22:35:41
Type m always kiasu,Dspw8hjkK50,(Ep 18) Last straw: Lee Kuan Yew issues challenge in Malaysia parliament | Merger To Separation,Malaysia news debate,2026-07-26T22:35:41
he couldn't beat LKY's eloquence in both english and malay...,Dspw8hjkK50,(Ep 18) Last straw: Lee Kuan Yew issues challenge in Malaysia parliament | Merger To Separation,Malaysia news debate,2026-07-26T22:35:41
"🌏 The Unilateral Birth of a Nation: Singapore’s Expulsion as a Historical Anomaly :

Across the long chronicle of human civilization, the creation of nations has followed familiar paths. Lands have been conquered by kings and emperors, seized by warring tribes, or liberated through rebellion. Modern state formation typically falls into four categories: peaceful secession, negotiated dissolution, unification, or revolutionary independence. Yet on August 9, 1965, the world witnessed something without precedent: the expulsion of Singapore from Malaysia.  

This was not conquest, nor secession, nor revolution. It was a parent state voluntarily casting out its most prosperous city, not because of defeat or external compulsion, but as an act of political self-preservation. In the anthropological and geopolitical record, where territory is almost always coveted and defended, Singapore’s independence stands as a unique anomaly—a nation born of rejection.

---

⚖️ The Clash That Made Expulsion Necessary

Singapore’s two-year membership in the Federation of Malaysia (1963–1965) was marked by ideological collision. The ruling United Malays National Organisation (UMNO) upheld Malay political primacy and Bumiputera privileges. In contrast, Singapore’s Prime Minister Lee Kuan Yew championed a “Malaysian Malaysia,” a meritocratic vision of equality across races.  

This ideological divide, compounded by economic disagreements and racial riots in 1964, threatened the federation’s stability. For Malaysia’s leadership, Singapore’s radical politics were not merely inconvenient—they were existentially incompatible. The solution was drastic: expel Singapore to preserve Malaysia itself.  

Thus, independence was thrust upon Lee Kuan Yew, who wept as he announced sovereignty. Singapore did not seek separation; it was forced into nationhood.

---

🔥 Partition vs. Expulsion: A Study in Contrasts

To appreciate Singapore’s uniqueness, one may compare it with the Partition of British India in 1947, which created India and Pakistan. Partition was driven by mass popular demand, rooted in the Two-Nation Theory and the Muslim League’s call for self-determination. It was a bottom-up movement, resulting in violent division, mass migrations, and millions of deaths.  

Singapore’s independence, by contrast, was top-down—a calculated act by Malaysia’s leadership to excise an ideological threat. Partition was the failure to hold a nation together under popular pressure; Singapore’s expulsion was the deliberate removal of a constituent member to safeguard the federation’s stability.  

Both events produced new nations, but the agency differed: Pakistan was born of demand, Singapore of dismissal.

---

🌐 Other Rare Separations: Why They Differ

To situate Singapore’s case in broader history, it is useful to examine other rare separations:  

- South Sudan (2011): Seceded from Sudan after decades of civil war and a referendum. This was a hard-won independence, not an expulsion.  
- Czechoslovakia (1993): The “Velvet Divorce” was a negotiated split between Czech and Slovak leaders. It was peaceful, but mutual—not unilateral rejection.  
- Hong Kong (1997): A handover from Britain to China, based on treaty obligations. It was a return of territory, not a casting out.  
- East Timor (2002): Seceded from Indonesia after violent struggle and international intervention. Again, independence was demanded, not imposed.  

None of these cases match Singapore’s trajectory. They were either secessions, negotiated dissolutions, or treaty-based transfers. Singapore alone represents the “Voluntary Land Let Go” category—a parent state ejecting a constituent territory into independence.

---

🧭 The “Voluntary Land Let Go” Category

In the grand narrative of history, lands are almost never surrendered willingly. Territory has always been equated with power, prestige, and survival. Yet Malaysia’s decision created a new category of state formation:  

> Voluntary Land Let Go — where a parent state, without external compulsion, ejects a constituent territory into independence.  

This act has no true parallel. Even among anomalies, Singapore stands apart. South Sudan fought for independence, Czechoslovakia negotiated it, Hong Kong was handed over by treaty. Singapore was simply cast out.

---

🌅 Conclusion: The Nation That Was Cast Out

Singapore’s expulsion in 1965 remains a singular anomaly in world history. It was not born of conquest, rebellion, or negotiation, but of rejection. Malaysia voluntarily let go of its most economically vital territory to preserve its political identity.  

In a world where nations are usually forged through ambition or struggle, Singapore stands alone: a nation created by expulsion, a sovereignty thrust upon it, a geopolitical rarity that rewrote the categories of state formation.  

Against the backdrop of centuries of conquest, secession, and negotiated partitions, Singapore’s case remains unmatched—a reminder that history can still produce events that defy its own patterns. It is the only modern example of a nation born because its parent state chose to let it go.",Dspw8hjkK50,(Ep 18) Last straw: Lee Kuan Yew issues challenge in Malaysia parliament | Merger To Separation,Malaysia news debate,2026-07-26T22:35:41
Separatist,Dspw8hjkK50,(Ep 18) Last straw: Lee Kuan Yew issues challenge in Malaysia parliament | Merger To Separation,Malaysia news debate,2026-07-26T22:35:41
"When LKY rose to speak  in Malay to challenge UMNO in serving the people, “…the Tunku sank lower n lower in his chair …” 
Here was a lone feisty man speaking brilliantly in their language opposing the hundreds of Malays in their den. 
The Malays knew they were cooked.",Dspw8hjkK50,(Ep 18) Last straw: Lee Kuan Yew issues challenge in Malaysia parliament | Merger To Separation,Malaysia news debate,2026-07-26T22:35:41
Lee kuan yew was so based! Singapore is so lucky!,Dspw8hjkK50,(Ep 18) Last straw: Lee Kuan Yew issues challenge in Malaysia parliament | Merger To Separation,Malaysia news debate,2026-07-26T22:35:41
LKY lives forever in our Hearts,Dspw8hjkK50,(Ep 18) Last straw: Lee Kuan Yew issues challenge in Malaysia parliament | Merger To Separation,Malaysia news debate,2026-07-26T22:35:41
Kudos LKY for his foresight!,Dspw8hjkK50,(Ep 18) Last straw: Lee Kuan Yew issues challenge in Malaysia parliament | Merger To Separation,Malaysia news debate,2026-07-26T22:35:41
Eh debat bukan cara BN?,reT-OySe4XA,Jalal Ajak Debat: Sepatutnya Lebih Awal - Tenang Tok Min Jawab,Malaysia news debate,2026-07-26T22:35:42
tolak ph dap..undi BN 💙💙💙,reT-OySe4XA,Jalal Ajak Debat: Sepatutnya Lebih Awal - Tenang Tok Min Jawab,Malaysia news debate,2026-07-26T22:35:42
Ni sumo dah gilo kuaso sobab tak soda laieee dighii dah tuoo,reT-OySe4XA,Jalal Ajak Debat: Sepatutnya Lebih Awal - Tenang Tok Min Jawab,Malaysia news debate,2026-07-26T22:35:42
Jgn layan org gila kuasa tu Tok Min.,reT-OySe4XA,Jalal Ajak Debat: Sepatutnya Lebih Awal - Tenang Tok Min Jawab,Malaysia news debate,2026-07-26T22:35:42
BENGONG😂,reT-OySe4XA,Jalal Ajak Debat: Sepatutnya Lebih Awal - Tenang Tok Min Jawab,Malaysia news debate,2026-07-26T22:35:42
"😂Di johor,  umno kata debat bukan budaya... Kekal HARAPAN ♥️",reT-OySe4XA,Jalal Ajak Debat: Sepatutnya Lebih Awal - Tenang Tok Min Jawab,Malaysia news debate,2026-07-26T22:35:42
"1) rkyt nk 47 kes prima facie ponorogo msti d sambung smpai kptusan hakim 
2) pisahkn sprm drpd kuasa executive kpd parliament committee 
3) bye2 komunis n barua imf",reT-OySe4XA,Jalal Ajak Debat: Sepatutnya Lebih Awal - Tenang Tok Min Jawab,Malaysia news debate,2026-07-26T22:35:42
"Isu debat pulak...aduhai tok min jangan didebat,tok min bawa taiko tok min tu sapa ek...anthony loke tu yg betul...tok min kan ada loke biar dia cakap sendiri...tok min takyah jadi boneka lagi lepas ni...apa kata....saya rasa baik tok min bagi kat anthony loke je mb n9 baru rakyat  puas hati",reT-OySe4XA,Jalal Ajak Debat: Sepatutnya Lebih Awal - Tenang Tok Min Jawab,Malaysia news debate,2026-07-26T22:35:42
Bingai jalalul ni,reT-OySe4XA,Jalal Ajak Debat: Sepatutnya Lebih Awal - Tenang Tok Min Jawab,Malaysia news debate,2026-07-26T22:35:42
Jalal AJK berdekat dh ada telur ke....rakyat skrg dh Thu dan pandai,reT-OySe4XA,Jalal Ajak Debat: Sepatutnya Lebih Awal - Tenang Tok Min Jawab,Malaysia news debate,2026-07-26T22:35:42
MB pH kekal. Insyallah 🇲🇾🤲,reT-OySe4XA,Jalal Ajak Debat: Sepatutnya Lebih Awal - Tenang Tok Min Jawab,Malaysia news debate,2026-07-26T22:35:42
Yak payah nak berdebat Tok Mim.,reT-OySe4XA,Jalal Ajak Debat: Sepatutnya Lebih Awal - Tenang Tok Min Jawab,Malaysia news debate,2026-07-26T22:35:42
Teruskan kempen tok min..tok min dilandaskan yg betul.,reT-OySe4XA,Jalal Ajak Debat: Sepatutnya Lebih Awal - Tenang Tok Min Jawab,Malaysia news debate,2026-07-26T22:35:42
"Jalal Umnooongokk beballl,, bingggggaaiiiiii,, dia yg buat taikkk ajak org berdebat knp lh ada pemimpin benggggapppppp didunia mcm umnooongokk ni",reT-OySe4XA,Jalal Ajak Debat: Sepatutnya Lebih Awal - Tenang Tok Min Jawab,Malaysia news debate,2026-07-26T22:35:42
Less evil.apply..kita sokong tok min wlpn kita benci ph..sebab umno mmg kaki sakau..nuar brahem patut dedahkan rci tabung haji..tapi pm bodo tu rasa dia bole ugut bn,reT-OySe4XA,Jalal Ajak Debat: Sepatutnya Lebih Awal - Tenang Tok Min Jawab,Malaysia news debate,2026-07-26T22:35:42
"UNDANG PANGGIL,DAH POIE NGADAP LUM??

SOALAN NI AMIN XTERJAWAB",reT-OySe4XA,Jalal Ajak Debat: Sepatutnya Lebih Awal - Tenang Tok Min Jawab,Malaysia news debate,2026-07-26T22:35:42
Pengecut,reT-OySe4XA,Jalal Ajak Debat: Sepatutnya Lebih Awal - Tenang Tok Min Jawab,Malaysia news debate,2026-07-26T22:35:42
Jgn layan org mabuk YB.,reT-OySe4XA,Jalal Ajak Debat: Sepatutnya Lebih Awal - Tenang Tok Min Jawab,Malaysia news debate,2026-07-26T22:35:42
Biasa lah tok min geng tebuk atap memang mcm tu 😂😂😂,reT-OySe4XA,Jalal Ajak Debat: Sepatutnya Lebih Awal - Tenang Tok Min Jawab,Malaysia news debate,2026-07-26T22:35:42
"Debat bkn cara kita x caya tanya onn😂
On tak on",reT-OySe4XA,Jalal Ajak Debat: Sepatutnya Lebih Awal - Tenang Tok Min Jawab,Malaysia news debate,2026-07-26T22:35:42
Dulu khbor eh...debat ni bukannya budaya kita...,reT-OySe4XA,Jalal Ajak Debat: Sepatutnya Lebih Awal - Tenang Tok Min Jawab,Malaysia news debate,2026-07-26T22:35:42
"Terbaik Tok Jalal. Dah habis peluru, ajak debat pula. Pemimpin kenalah berani ke depan. Undi Harapan.",reT-OySe4XA,Jalal Ajak Debat: Sepatutnya Lebih Awal - Tenang Tok Min Jawab,Malaysia news debate,2026-07-26T22:35:42
Jalal kau ajak lah bos kau si Zaid berdebat dgn anuar. Tu baru betul,reT-OySe4XA,Jalal Ajak Debat: Sepatutnya Lebih Awal - Tenang Tok Min Jawab,Malaysia news debate,2026-07-26T22:35:42
Jgn layan org tamak kuasa..dh tua..klu dipihak benar tk payah debat..rakyat tahu sape buat kerja,reT-OySe4XA,Jalal Ajak Debat: Sepatutnya Lebih Awal - Tenang Tok Min Jawab,Malaysia news debate,2026-07-26T22:35:42
Jangan di layan tok min.. Masa di johor ajak MB johor tak pulak dia nak berdebat..,reT-OySe4XA,Jalal Ajak Debat: Sepatutnya Lebih Awal - Tenang Tok Min Jawab,Malaysia news debate,2026-07-26T22:35:42
"Jalal gila kuasa , dah lama dia mengidam nak jadi MB Negeri Sembilan , kesian kan, demi kuasa sanggup khianat dgn rakan serumah , semoga jalal ni diberi hidayah",reT-OySe4XA,Jalal Ajak Debat: Sepatutnya Lebih Awal - Tenang Tok Min Jawab,Malaysia news debate,2026-07-26T22:35:42
YAKJUJ MAKJUJ perosak.. UNDILAH pemimpin tidak mengambil UPAH.. membina TEMBOK.. kukuhlah ekonomi mata wang perpaduan keharmonian dll semua kaum suku.. sejahteralah dari barat sampai timur.. sebarkan..,reT-OySe4XA,Jalal Ajak Debat: Sepatutnya Lebih Awal - Tenang Tok Min Jawab,Malaysia news debate,2026-07-26T22:35:42
Lewat apa seminggu lagi prn...x brani ker,reT-OySe4XA,Jalal Ajak Debat: Sepatutnya Lebih Awal - Tenang Tok Min Jawab,Malaysia news debate,2026-07-26T22:35:42
Sangat bahaya utk semua pihak. Sebab ada kes baru2 ni. 😮 Mesti UmNO mereka nak cakap pasal 3R 3R 3R pasal adat pasal agama pasal bangsa.  😮 kononya UmNO hero.,reT-OySe4XA,Jalal Ajak Debat: Sepatutnya Lebih Awal - Tenang Tok Min Jawab,Malaysia news debate,2026-07-26T22:35:42
"Jalal, buat gempak aje!",reT-OySe4XA,Jalal Ajak Debat: Sepatutnya Lebih Awal - Tenang Tok Min Jawab,Malaysia news debate,2026-07-26T22:35:42
Padan Lok yaa DEBAT dgn Jalal😁😁😁,reT-OySe4XA,Jalal Ajak Debat: Sepatutnya Lebih Awal - Tenang Tok Min Jawab,Malaysia news debate,2026-07-26T22:35:42
Don't waste with them. Don't even layan dia.,reT-OySe4XA,Jalal Ajak Debat: Sepatutnya Lebih Awal - Tenang Tok Min Jawab,Malaysia news debate,2026-07-26T22:35:42
Dia dah nak kelaut tu tok min.org Gian jwt mcm tu la.terbaik tok min,reT-OySe4XA,Jalal Ajak Debat: Sepatutnya Lebih Awal - Tenang Tok Min Jawab,Malaysia news debate,2026-07-26T22:35:42
Jangan lyan min.jalal tu..kita doakan semuga amin menang besar.aminnn3,reT-OySe4XA,Jalal Ajak Debat: Sepatutnya Lebih Awal - Tenang Tok Min Jawab,Malaysia news debate,2026-07-26T22:35:42
Ameno menolak berdebat ngan PKR kat Johor 😏 rasakan ler biler terkena balik kat N9 🤣🤣🤣🤣🤣,reT-OySe4XA,Jalal Ajak Debat: Sepatutnya Lebih Awal - Tenang Tok Min Jawab,Malaysia news debate,2026-07-26T22:35:42
Lewat apa nya tok😂😂,reT-OySe4XA,Jalal Ajak Debat: Sepatutnya Lebih Awal - Tenang Tok Min Jawab,Malaysia news debate,2026-07-26T22:35:42
orang dah sibuk berkempen dia baru nak ajak debat.  buang masa tok min layan .. taulah kurang sambutan  🤣🤣🤣🤣🤣🤣🤣🤣🤣,reT-OySe4XA,Jalal Ajak Debat: Sepatutnya Lebih Awal - Tenang Tok Min Jawab,Malaysia news debate,2026-07-26T22:35:42
xyh debat la ..buang msa..xde msa nk dgr..,reT-OySe4XA,Jalal Ajak Debat: Sepatutnya Lebih Awal - Tenang Tok Min Jawab,Malaysia news debate,2026-07-26T22:35:42
The responsible persons should not come out of Jail in their life.,LfBBFW4AES4,Debate With Arnab: TCS Sexual Abuse Victims Were Being Trafficked To Malaysia?,Malaysia news debate,2026-07-26T22:35:44
Why why why do you cover these people faces,LfBBFW4AES4,Debate With Arnab: TCS Sexual Abuse Victims Were Being Trafficked To Malaysia?,Malaysia news debate,2026-07-26T22:35:44
"You're such a chomu, Arnab!!",LfBBFW4AES4,Debate With Arnab: TCS Sexual Abuse Victims Were Being Trafficked To Malaysia?,Malaysia news debate,2026-07-26T22:35:44
My tax money is wasted on these sexist mysoginist rapist pigs,LfBBFW4AES4,Debate With Arnab: TCS Sexual Abuse Victims Were Being Trafficked To Malaysia?,Malaysia news debate,2026-07-26T22:35:44
120 crores Hindus are now demanding for Adityanath Yogis treatment. Jai Sri Ram,LfBBFW4AES4,Debate With Arnab: TCS Sexual Abuse Victims Were Being Trafficked To Malaysia?,Malaysia news debate,2026-07-26T22:35:44
Boycot Halal,LfBBFW4AES4,Debate With Arnab: TCS Sexual Abuse Victims Were Being Trafficked To Malaysia?,Malaysia news debate,2026-07-26T22:35:44
Arnab is a bigoted and a big liar,LfBBFW4AES4,Debate With Arnab: TCS Sexual Abuse Victims Were Being Trafficked To Malaysia?,Malaysia news debate,2026-07-26T22:35:44
"Today they target Hindus,their females also support their people,one d as y their community wI'll destrtoyed by their people only.They themselves quarrel ,it leads to destruction of their own community.Let them see.",LfBBFW4AES4,Debate With Arnab: TCS Sexual Abuse Victims Were Being Trafficked To Malaysia?,Malaysia news debate,2026-07-26T22:35:44
attacking  roots of pillars of  democracy  is direct attack  on the national security and constitutional  fundamental rights,LfBBFW4AES4,Debate With Arnab: TCS Sexual Abuse Victims Were Being Trafficked To Malaysia?,Malaysia news debate,2026-07-26T22:35:44
Hypocrisy people. Never belief these people.,LfBBFW4AES4,Debate With Arnab: TCS Sexual Abuse Victims Were Being Trafficked To Malaysia?,Malaysia news debate,2026-07-26T22:35:44
Wipe out totally these people and full chain,LfBBFW4AES4,Debate With Arnab: TCS Sexual Abuse Victims Were Being Trafficked To Malaysia?,Malaysia news debate,2026-07-26T22:35:44
India does not know how to protect hindus,LfBBFW4AES4,Debate With Arnab: TCS Sexual Abuse Victims Were Being Trafficked To Malaysia?,Malaysia news debate,2026-07-26T22:35:44
Throw these bastards out of our country,LfBBFW4AES4,Debate With Arnab: TCS Sexual Abuse Victims Were Being Trafficked To Malaysia?,Malaysia news debate,2026-07-26T22:35:44
"I don't understand why they cover these criminals faces,let them be seen. So that others can see & be ware and spread their photos worldwide. But when a woman is raped they blur on one side",LfBBFW4AES4,Debate With Arnab: TCS Sexual Abuse Victims Were Being Trafficked To Malaysia?,Malaysia news debate,2026-07-26T22:35:44
Oh god,LfBBFW4AES4,Debate With Arnab: TCS Sexual Abuse Victims Were Being Trafficked To Malaysia?,Malaysia news debate,2026-07-26T22:35:44
If Anil Ambani is so worried it shold mean that there will be so much more to be cleared in his name,LfBBFW4AES4,Debate With Arnab: TCS Sexual Abuse Victims Were Being Trafficked To Malaysia?,Malaysia news debate,2026-07-26T22:35:44
No one cares if victims are Hindus or christians. But world cries tears of waterfall when victims are terrorists,LfBBFW4AES4,Debate With Arnab: TCS Sexual Abuse Victims Were Being Trafficked To Malaysia?,Malaysia news debate,2026-07-26T22:35:44
Give them including Nida khan till death imprisonment,LfBBFW4AES4,Debate With Arnab: TCS Sexual Abuse Victims Were Being Trafficked To Malaysia?,Malaysia news debate,2026-07-26T22:35:44
"I also lost my husband’s hard earned money buying his R.Power, Reliance Infrastructure & RHL.Believing the Reliance, I bought those shares. At last sold it on a high loss🥲",LfBBFW4AES4,Debate With Arnab: TCS Sexual Abuse Victims Were Being Trafficked To Malaysia?,Malaysia news debate,2026-07-26T22:35:44
VEMALPANPARGTABAKUCONSARwOLDFIGHTDEFALTADD,LfBBFW4AES4,Debate With Arnab: TCS Sexual Abuse Victims Were Being Trafficked To Malaysia?,Malaysia news debate,2026-07-26T22:35:44
REPABLIKLIKWADLIKWEARHOM,LfBBFW4AES4,Debate With Arnab: TCS Sexual Abuse Victims Were Being Trafficked To Malaysia?,Malaysia news debate,2026-07-26T22:35:44
How does it help to discuss sanity with insane inhuman entities?,LfBBFW4AES4,Debate With Arnab: TCS Sexual Abuse Victims Were Being Trafficked To Malaysia?,Malaysia news debate,2026-07-26T22:35:44
Quoran is used in my toilet,LfBBFW4AES4,Debate With Arnab: TCS Sexual Abuse Victims Were Being Trafficked To Malaysia?,Malaysia news debate,2026-07-26T22:35:44
Modi needs to talk to Maylasia,LfBBFW4AES4,Debate With Arnab: TCS Sexual Abuse Victims Were Being Trafficked To Malaysia?,Malaysia news debate,2026-07-26T22:35:44
😮,LfBBFW4AES4,Debate With Arnab: TCS Sexual Abuse Victims Were Being Trafficked To Malaysia?,Malaysia news debate,2026-07-26T22:35:44
"All hindus just boycot lenscart, people were taking care of their specs before lenscart came into existing😂",LfBBFW4AES4,Debate With Arnab: TCS Sexual Abuse Victims Were Being Trafficked To Malaysia?,Malaysia news debate,2026-07-26T22:35:44
OS SUARNI KO PAHLE THOKNA CHAHIYE.,LfBBFW4AES4,Debate With Arnab: TCS Sexual Abuse Victims Were Being Trafficked To Malaysia?,Malaysia news debate,2026-07-26T22:35:44
"दोषीयों को केवल फांसी होनी चाहिए, 
नहीं तो हिन्दू समाज रास्ते पर आ जाएं।‌
देश के गद्दारो जनता के आदालत में डंड देंगे।
अब दुसरा शोहराबद्दीन गंदगी को पैदा होने नहीं देंगे।",LfBBFW4AES4,Debate With Arnab: TCS Sexual Abuse Victims Were Being Trafficked To Malaysia?,Malaysia news debate,2026-07-26T22:35:44
"TCS walon, doob maro",LfBBFW4AES4,Debate With Arnab: TCS Sexual Abuse Victims Were Being Trafficked To Malaysia?,Malaysia news debate,2026-07-26T22:35:44
Where is tcs chairman hiding and why keeping silent?,LfBBFW4AES4,Debate With Arnab: TCS Sexual Abuse Victims Were Being Trafficked To Malaysia?,Malaysia news debate,2026-07-26T22:35:44
Deliberate attempt to distroy hindus.This is going on for centuries now  The feeble attempts to resist this is not succeeding because of vile politicians who want votes to come to power!!,LfBBFW4AES4,Debate With Arnab: TCS Sexual Abuse Victims Were Being Trafficked To Malaysia?,Malaysia news debate,2026-07-26T22:35:44
All wrong doers must be sevely punished with canning  & maximum deterrent punishment. ❤,LfBBFW4AES4,Debate With Arnab: TCS Sexual Abuse Victims Were Being Trafficked To Malaysia?,Malaysia news debate,2026-07-26T22:35:44
"जांच वांच तो ठीक है लेकिन,
 अदालतों के हुतियापे का क्या करोगे।
मुझे देश की न्याय व्यवस्था पर पूरा भरोसा है कि इनका कोई कुछ नहीं बिगाड़ पायेगा",LfBBFW4AES4,Debate With Arnab: TCS Sexual Abuse Victims Were Being Trafficked To Malaysia?,Malaysia news debate,2026-07-26T22:35:44
"Chidambaram family is famous for buying cars, flaunting them, taking loans from banks and Not paying back! Shame! The rich, political thieves looting from hard earning poor tax payers And Ordering that None should speak about it!",LfBBFW4AES4,Debate With Arnab: TCS Sexual Abuse Victims Were Being Trafficked To Malaysia?,Malaysia news debate,2026-07-26T22:35:44
"No etiquette how to debate, everyone is overwriting each other WTF is going on",LfBBFW4AES4,Debate With Arnab: TCS Sexual Abuse Victims Were Being Trafficked To Malaysia?,Malaysia news debate,2026-07-26T22:35:44
Fish market,LfBBFW4AES4,Debate With Arnab: TCS Sexual Abuse Victims Were Being Trafficked To Malaysia?,Malaysia news debate,2026-07-26T22:35:44
This has to be reported strictly and has to take sever action aganist the people involved and this should not repat again in entire world.,LfBBFW4AES4,Debate With Arnab: TCS Sexual Abuse Victims Were Being Trafficked To Malaysia?,Malaysia news debate,2026-07-26T22:35:44
He kept his money safe and use texpayer money irissponsibley his 100%falt,LfBBFW4AES4,Debate With Arnab: TCS Sexual Abuse Victims Were Being Trafficked To Malaysia?,Malaysia news debate,2026-07-26T22:35:44
"If LensKart is doing this, its highly un acceptable and shameful. They need all religion customers but they discriminate employees.

We should boycott LensKart products nationwide",LfBBFW4AES4,Debate With Arnab: TCS Sexual Abuse Victims Were Being Trafficked To Malaysia?,Malaysia news debate,2026-07-26T22:35:44
Whatever happened is highly condemnable. Doesn’t matter whom so ever gives cover fire.,LfBBFW4AES4,Debate With Arnab: TCS Sexual Abuse Victims Were Being Trafficked To Malaysia?,Malaysia news debate,2026-07-26T22:35:44
YES all INDIANS are / will be  asking ????,LfBBFW4AES4,Debate With Arnab: TCS Sexual Abuse Victims Were Being Trafficked To Malaysia?,Malaysia news debate,2026-07-26T22:35:44
"Till these bastards are not taught lesson publicly, this will continue in India",LfBBFW4AES4,Debate With Arnab: TCS Sexual Abuse Victims Were Being Trafficked To Malaysia?,Malaysia news debate,2026-07-26T22:35:44
Bande Mataram🇮🇳🕉️🚩🚩🚩,LfBBFW4AES4,Debate With Arnab: TCS Sexual Abuse Victims Were Being Trafficked To Malaysia?,Malaysia news debate,2026-07-26T22:35:44
"Great Sir, thanks for sharing this real facts.   The management of TCS must held responsible for this.",LfBBFW4AES4,Debate With Arnab: TCS Sexual Abuse Victims Were Being Trafficked To Malaysia?,Malaysia news debate,2026-07-26T22:35:44
FIVE BUKKETS ARE CHEATING PUBLICS WITH PART OF SPEECH  ACCORDING TO ME PENIS IS GREAT OR VAGINA IS GREAT,LfBBFW4AES4,Debate With Arnab: TCS Sexual Abuse Victims Were Being Trafficked To Malaysia?,Malaysia news debate,2026-07-26T22:35:44
"Their mindset are rotten to the core, no matter how much one assists them on improvement, they will never let go of their rotten thoughts and approach that resides in their genes.",LfBBFW4AES4,Debate With Arnab: TCS Sexual Abuse Victims Were Being Trafficked To Malaysia?,Malaysia news debate,2026-07-26T22:35:44
❤❤❤❤❤❤❤SUPERB ❤ARBAN QUESTIONS ARE REALLY REALLY REALLY EXCELLENT ❤❤❤❤❤❤❤,LfBBFW4AES4,Debate With Arnab: TCS Sexual Abuse Victims Were Being Trafficked To Malaysia?,Malaysia news debate,2026-07-26T22:35:44
"I understand that TCS also has a ‘CHRO’ called Sudeep Kunnumal who is nowhere in the picture!

One wonders why Tata Conversion Services has a HR department at all, if its Head of HR has to remain mute at the height of its crisis!

Why is he being protected?",LfBBFW4AES4,Debate With Arnab: TCS Sexual Abuse Victims Were Being Trafficked To Malaysia?,Malaysia news debate,2026-07-26T22:35:44
"Charan Vandan Brahmin Putra!

Conspiracy of Capitalists
Corrupt minds
Sell them

Three points of you and three of mine.

There are so many Epstein in India much more dangerous than Epstein.",LfBBFW4AES4,Debate With Arnab: TCS Sexual Abuse Victims Were Being Trafficked To Malaysia?,Malaysia news debate,2026-07-26T22:35:44
We need Yogi ji as PM of India 💪🏻,LfBBFW4AES4,Debate With Arnab: TCS Sexual Abuse Victims Were Being Trafficked To Malaysia?,Malaysia news debate,2026-07-26T22:35:44
Plaster their faces across the nation.,LfBBFW4AES4,Debate With Arnab: TCS Sexual Abuse Victims Were Being Trafficked To Malaysia?,Malaysia news debate,2026-07-26T22:35:44
In sab ka bag pak karke inko plan se hi fak do pak,LfBBFW4AES4,Debate With Arnab: TCS Sexual Abuse Victims Were Being Trafficked To Malaysia?,Malaysia news debate,2026-07-26T22:35:44
A huge amount of taxpayers’ money has been wasted.,LfBBFW4AES4,Debate With Arnab: TCS Sexual Abuse Victims Were Being Trafficked To Malaysia?,Malaysia news debate,2026-07-26T22:35:44
Mr. Arnab one serious suggestion. Please ensure that ONLY ONE SPEKER SPEAKS AT A TIME. Put the other faders off of NON-COMPLYING DEBATERS. DO NOT make your Channel A FISH MARKET.,LfBBFW4AES4,Debate With Arnab: TCS Sexual Abuse Victims Were Being Trafficked To Malaysia?,Malaysia news debate,2026-07-26T22:35:44
best punishment for those accused would be to hang them in the public alive and people should be allowed to stone them,LfBBFW4AES4,Debate With Arnab: TCS Sexual Abuse Victims Were Being Trafficked To Malaysia?,Malaysia news debate,2026-07-26T22:35:44
"Syed Abbas continually lying on conversion, he should be kicked out of India, we do not need him here",LfBBFW4AES4,Debate With Arnab: TCS Sexual Abuse Victims Were Being Trafficked To Malaysia?,Malaysia news debate,2026-07-26T22:35:44
T OTAL C ONVERSION S  ERVICES A NEW CONFUSION DIRTY  COMPANY PLZ CLOSE THIS NEW COMPANY💯🔥🔥🔥🔥💯👎👎👎👎💯😴💤😴💤😴💤😴💤👹👺👹👺🥵🥵🥵🥵🤪🤪🤪🤪🤪,LfBBFW4AES4,Debate With Arnab: TCS Sexual Abuse Victims Were Being Trafficked To Malaysia?,Malaysia news debate,2026-07-26T22:35:44
"In logonko patther aur jootha, aur chppel se maro, jab tak un logon ke chamde utaaren.",LfBBFW4AES4,Debate With Arnab: TCS Sexual Abuse Victims Were Being Trafficked To Malaysia?,Malaysia news debate,2026-07-26T22:35:44
Desh ko shrm aani chahiye majority ka ye haal h,LfBBFW4AES4,Debate With Arnab: TCS Sexual Abuse Victims Were Being Trafficked To Malaysia?,Malaysia news debate,2026-07-26T22:35:44
Indian citizenship should be cancelled for such people. We don't want such people in our country,LfBBFW4AES4,Debate With Arnab: TCS Sexual Abuse Victims Were Being Trafficked To Malaysia?,Malaysia news debate,2026-07-26T22:35:44
"Why mask to this criminals? 
Punishment  to them in public cloud just like Arab countries. No courts or enquires. To stop further  such issues.",LfBBFW4AES4,Debate With Arnab: TCS Sexual Abuse Victims Were Being Trafficked To Malaysia?,Malaysia news debate,2026-07-26T22:35:44
No heads rolling yet.!!!¡!¡!,LfBBFW4AES4,Debate With Arnab: TCS Sexual Abuse Victims Were Being Trafficked To Malaysia?,Malaysia news debate,2026-07-26T22:35:44
Judicial Reform is a must and a first thing to be implemented by the government 🙏,LfBBFW4AES4,Debate With Arnab: TCS Sexual Abuse Victims Were Being Trafficked To Malaysia?,Malaysia news debate,2026-07-26T22:35:44
This cancer out,LfBBFW4AES4,Debate With Arnab: TCS Sexual Abuse Victims Were Being Trafficked To Malaysia?,Malaysia news debate,2026-07-26T22:35:44
Bhukkad religion historically is a nuisance. Anything good cones from it other than illegal activities,LfBBFW4AES4,Debate With Arnab: TCS Sexual Abuse Victims Were Being Trafficked To Malaysia?,Malaysia news debate,2026-07-26T22:35:44
"Wake up call for Hindus , know who you are voting",LfBBFW4AES4,Debate With Arnab: TCS Sexual Abuse Victims Were Being Trafficked To Malaysia?,Malaysia news debate,2026-07-26T22:35:44
That's the reason why I have huge respect for Yogiji 🙏 Graze her home with a bulldozer and automatically nida khan will surrender. I myself will give the amount for 50 litres of diesel for that bulldozer.,LfBBFW4AES4,Debate With Arnab: TCS Sexual Abuse Victims Were Being Trafficked To Malaysia?,Malaysia news debate,2026-07-26T22:35:44
This is rape this is terriorism,LfBBFW4AES4,Debate With Arnab: TCS Sexual Abuse Victims Were Being Trafficked To Malaysia?,Malaysia news debate,2026-07-26T22:35:44
All this happened under our powerful govt who always seek vote in name of national security claiming protectors of Hindus This is truth of National security,LfBBFW4AES4,Debate With Arnab: TCS Sexual Abuse Victims Were Being Trafficked To Malaysia?,Malaysia news debate,2026-07-26T22:35:44
"भारत में ईश्वर की निंदा का एक ही दंड है ""देवी चामुंडा के चरणों में निंदक जिह्वा का दान""।",LfBBFW4AES4,Debate With Arnab: TCS Sexual Abuse Victims Were Being Trafficked To Malaysia?,Malaysia news debate,2026-07-26T22:35:44
"Indian law has been as granted by these mother fuckers so called accused,",LfBBFW4AES4,Debate With Arnab: TCS Sexual Abuse Victims Were Being Trafficked To Malaysia?,Malaysia news debate,2026-07-26T22:35:44
Seriously Malaysia is a heaven for religion Jihadist  Extremist and Radicalization ideology hide out !,LfBBFW4AES4,Debate With Arnab: TCS Sexual Abuse Victims Were Being Trafficked To Malaysia?,Malaysia news debate,2026-07-26T22:35:44
These people only deserve lifelong imprisonment.,LfBBFW4AES4,Debate With Arnab: TCS Sexual Abuse Victims Were Being Trafficked To Malaysia?,Malaysia news debate,2026-07-26T22:35:44
I support Nupur sharma live debate I see that time other side the fool what he say you no arnab,LfBBFW4AES4,Debate With Arnab: TCS Sexual Abuse Victims Were Being Trafficked To Malaysia?,Malaysia news debate,2026-07-26T22:35:44
Do you have any evidence of whatever you are saying? Just shouting something does not make it true. You shouted the same thing for Riya Chakraborty and look how it turned out to be.,LfBBFW4AES4,Debate With Arnab: TCS Sexual Abuse Victims Were Being Trafficked To Malaysia?,Malaysia news debate,2026-07-26T22:35:44
बेशरम हंस रहे है,LfBBFW4AES4,Debate With Arnab: TCS Sexual Abuse Victims Were Being Trafficked To Malaysia?,Malaysia news debate,2026-07-26T22:35:44
"ANIL DOG AMBANI LOOTED MILLIONS OF INDIA HARD EARNT MONEY 
AND THIS DOG TALKS ABOUT DIGNITY",LfBBFW4AES4,Debate With Arnab: TCS Sexual Abuse Victims Were Being Trafficked To Malaysia?,Malaysia news debate,2026-07-26T22:35:44
Must kick them to Pakistan,LfBBFW4AES4,Debate With Arnab: TCS Sexual Abuse Victims Were Being Trafficked To Malaysia?,Malaysia news debate,2026-07-26T22:35:44
"Who are converted, they are not children at all, they are so called progre$$ mind, h@_ndu  f@mini$t!  they have beleive on the other relegion except their own! let them suffer it🙏🏻❤️🇮🇳❤️🙏🏻",LfBBFW4AES4,Debate With Arnab: TCS Sexual Abuse Victims Were Being Trafficked To Malaysia?,Malaysia news debate,2026-07-26T22:35:44
"No more talks now,it's time to pass in actions.Hand over these arrested culprits to the Bajiram dal",LfBBFW4AES4,Debate With Arnab: TCS Sexual Abuse Victims Were Being Trafficked To Malaysia?,Malaysia news debate,2026-07-26T22:35:44
"Immature Talla,talk sense,if not leave the debate",LfBBFW4AES4,Debate With Arnab: TCS Sexual Abuse Victims Were Being Trafficked To Malaysia?,Malaysia news debate,2026-07-26T22:35:44
Hang to death 💀,LfBBFW4AES4,Debate With Arnab: TCS Sexual Abuse Victims Were Being Trafficked To Malaysia?,Malaysia news debate,2026-07-26T22:35:44
Arnab father of bollykhan😂😂😂,LfBBFW4AES4,Debate With Arnab: TCS Sexual Abuse Victims Were Being Trafficked To Malaysia?,Malaysia news debate,2026-07-26T22:35:44
"Encounter all these insects and whoever comes forward in their protection,shoots down on the spot. Make an evil  free society. A Bharat culture should remain in the country.",LfBBFW4AES4,Debate With Arnab: TCS Sexual Abuse Victims Were Being Trafficked To Malaysia?,Malaysia news debate,2026-07-26T22:35:44
"India mahila should come out agonist britesh citison pappu khan agonist in parlment women bill ,",LfBBFW4AES4,Debate With Arnab: TCS Sexual Abuse Victims Were Being Trafficked To Malaysia?,Malaysia news debate,2026-07-26T22:35:44
"How these are leave india ,Air port security what hell is doing ?",LfBBFW4AES4,Debate With Arnab: TCS Sexual Abuse Victims Were Being Trafficked To Malaysia?,Malaysia news debate,2026-07-26T22:35:44
WONDERFUL SIR SIMPLY WONDERFUL,LfBBFW4AES4,Debate With Arnab: TCS Sexual Abuse Victims Were Being Trafficked To Malaysia?,Malaysia news debate,2026-07-26T22:35:44
"What kinda debate is this? Outshouting each other. Ruckus, it is.

As far as I am concerned,  show them the noose publicly.",LfBBFW4AES4,Debate With Arnab: TCS Sexual Abuse Victims Were Being Trafficked To Malaysia?,Malaysia news debate,2026-07-26T22:35:44
Sir Capgemini Pune has same gang please investigate 😮,LfBBFW4AES4,Debate With Arnab: TCS Sexual Abuse Victims Were Being Trafficked To Malaysia?,Malaysia news debate,2026-07-26T22:35:44
We are with you Arnab sir. We know exactly what happened with you earlier too. Your family was under attack too but you came out clean. Trust your Media that's why supporting you and your family.,LfBBFW4AES4,Debate With Arnab: TCS Sexual Abuse Victims Were Being Trafficked To Malaysia?,Malaysia news debate,2026-07-26T22:35:44
Please Modi ji a nationwide crackdiwn has to be done across all hospitals corperations factories and yes our very own corrupt police,LfBBFW4AES4,Debate With Arnab: TCS Sexual Abuse Victims Were Being Trafficked To Malaysia?,Malaysia news debate,2026-07-26T22:35:44
There are more temples than Police Station & most Hindus will prefer to complain to Arbitration at temples & so must have Pujaris & Staffs qualified in Law & Defence & have legal aid system to help Hindus in all aspects. This is permenant solution & is followed by most religions. Even Krishna tells Arjun he has to fight Kavravs irreligious karma.,LfBBFW4AES4,Debate With Arnab: TCS Sexual Abuse Victims Were Being Trafficked To Malaysia?,Malaysia news debate,2026-07-26T22:35:44
Colobration of all Temples with only Pujaris & Staffs qualified in Law & Defence can provide undefeatable Arbitration institution. Even Krishna tells Arjun he has to fight Kavravs' irreligious karma.,LfBBFW4AES4,Debate With Arnab: TCS Sexual Abuse Victims Were Being Trafficked To Malaysia?,Malaysia news debate,2026-07-26T22:35:44
This is a CORPORATE PROBLEM. The way the corporate leaders trouble employees they are scared and am forced to keep the job. In a company I have seen that this exploitation is so much - just because it is religion it is getting highlight. I have seen that they form groups and trouble people - unless the culture changes it will continue,LfBBFW4AES4,Debate With Arnab: TCS Sexual Abuse Victims Were Being Trafficked To Malaysia?,Malaysia news debate,2026-07-26T22:35:44
"Its seems movie storyline 
After election courts will find no evidence for it and media will be cooking up another story",LfBBFW4AES4,Debate With Arnab: TCS Sexual Abuse Victims Were Being Trafficked To Malaysia?,Malaysia news debate,2026-07-26T22:35:44
Anil ambani so sorry 😂😂😂😂,LfBBFW4AES4,Debate With Arnab: TCS Sexual Abuse Victims Were Being Trafficked To Malaysia?,Malaysia news debate,2026-07-26T22:35:44
if ever body shouts how can we follow conversions,LfBBFW4AES4,Debate With Arnab: TCS Sexual Abuse Victims Were Being Trafficked To Malaysia?,Malaysia news debate,2026-07-26T22:35:44
Encounter all,LfBBFW4AES4,Debate With Arnab: TCS Sexual Abuse Victims Were Being Trafficked To Malaysia?,Malaysia news debate,2026-07-26T22:35:44
"Nida Khan is absconding, then take Nida Khan’s entire family into custody & torture them, like they do so in some Middle Eastern countries. This will deter others from committing such atrocities",LfBBFW4AES4,Debate With Arnab: TCS Sexual Abuse Victims Were Being Trafficked To Malaysia?,Malaysia news debate,2026-07-26T22:35:44
Encounter,LfBBFW4AES4,Debate With Arnab: TCS Sexual Abuse Victims Were Being Trafficked To Malaysia?,Malaysia news debate,2026-07-26T22:35:44
"PRC government, please ban these persons from entering your country again.

Other government, ban these persons from entering your country before they come and humiliating yours.",YXZjU93WOvM,Viral Clip of Malaysian Tourists Slammed for Calling Chinese Locals &#39;Smelly&#39; | Firstpost News | N18G,Malaysia viral video,2026-07-26T22:35:48
"I remember many decades ago my late grandmother advised never comment openly or let alone ridicule anyone because of his or her bad odour. Just advise politely and quietly if necessary, otherwise just walk away. She says there is a belief that if you make fun of bad smell or odour, it will follow you and stay stuck with you. I can never forget that advice. 

Recently my relative hired a full time stay-in helper who has bad body odour problem. She took her to a doctor and get her treated. She is okay now. 

Let’s not embarrass anybody, it’s sinful.",YXZjU93WOvM,Viral Clip of Malaysian Tourists Slammed for Calling Chinese Locals &#39;Smelly&#39; | Firstpost News | N18G,Malaysia viral video,2026-07-26T22:35:48
"People laboured and worked hard for a living, of course they sweat. Nothing to be ashamed about. They don't need to apologise to anyone.",YXZjU93WOvM,Viral Clip of Malaysian Tourists Slammed for Calling Chinese Locals &#39;Smelly&#39; | Firstpost News | N18G,Malaysia viral video,2026-07-26T22:35:48
Orang ni bikin malu negara kita je,YXZjU93WOvM,Viral Clip of Malaysian Tourists Slammed for Calling Chinese Locals &#39;Smelly&#39; | Firstpost News | N18G,Malaysia viral video,2026-07-26T22:35:48
"then dont complain when other ""race"" insults or belittles your community. You fail to exude good example. Then we will begin witnessing these idiots playing victim and calling them ""racists"" or ""bigots"" 

Idiots🙄",YXZjU93WOvM,Viral Clip of Malaysian Tourists Slammed for Calling Chinese Locals &#39;Smelly&#39; | Firstpost News | N18G,Malaysia viral video,2026-07-26T22:35:48
"PERSIS SEPERTI TURIS INDIA YANG DATANG KE ITALY, LIHAT VIDEO-NYA https://www.youtube.com/shorts/jIM_dEzDXVg  - 
KEMIRIPAN MENTALITAS INI KARENA MALINGSIA SERUMPUN DENGAN INDIA. INDONESIA TIDAK SERUMPUN DENGAN MALINGSIA DAN INDIA.",YXZjU93WOvM,Viral Clip of Malaysian Tourists Slammed for Calling Chinese Locals &#39;Smelly&#39; | Firstpost News | N18G,Malaysia viral video,2026-07-26T22:35:48
still no updates? removed from the police force yet?,YXZjU93WOvM,Viral Clip of Malaysian Tourists Slammed for Calling Chinese Locals &#39;Smelly&#39; | Firstpost News | N18G,Malaysia viral video,2026-07-26T22:35:48
They don't represent all Malaysian but only themselves.,YXZjU93WOvM,Viral Clip of Malaysian Tourists Slammed for Calling Chinese Locals &#39;Smelly&#39; | Firstpost News | N18G,Malaysia viral video,2026-07-26T22:35:48
They're right,YXZjU93WOvM,Viral Clip of Malaysian Tourists Slammed for Calling Chinese Locals &#39;Smelly&#39; | Firstpost News | N18G,Malaysia viral video,2026-07-26T22:35:48
Ni contoh orang takde akal,YXZjU93WOvM,Viral Clip of Malaysian Tourists Slammed for Calling Chinese Locals &#39;Smelly&#39; | Firstpost News | N18G,Malaysia viral video,2026-07-26T22:35:48
She is a Malaysia police,YXZjU93WOvM,Viral Clip of Malaysian Tourists Slammed for Calling Chinese Locals &#39;Smelly&#39; | Firstpost News | N18G,Malaysia viral video,2026-07-26T22:35:48
認住這班人全部入黑名單以後不準再來中國去你的,YXZjU93WOvM,Viral Clip of Malaysian Tourists Slammed for Calling Chinese Locals &#39;Smelly&#39; | Firstpost News | N18G,Malaysia viral video,2026-07-26T22:35:48
😂😂,YXZjU93WOvM,Viral Clip of Malaysian Tourists Slammed for Calling Chinese Locals &#39;Smelly&#39; | Firstpost News | N18G,Malaysia viral video,2026-07-26T22:35:48
https://youtube.com/shorts/gornIqPzvDs?si=mFESSk60veTNdrQU,YXZjU93WOvM,Viral Clip of Malaysian Tourists Slammed for Calling Chinese Locals &#39;Smelly&#39; | Firstpost News | N18G,Malaysia viral video,2026-07-26T22:35:48
"All you hypocrites slamming the Malaysian tourists should go to Youtube and watch all the abusive assaults evil chinese committed against innocent Malaysians, even against immigration & customs authorities, and in airlines",YXZjU93WOvM,Viral Clip of Malaysian Tourists Slammed for Calling Chinese Locals &#39;Smelly&#39; | Firstpost News | N18G,Malaysia viral video,2026-07-26T22:35:48
sepatutnya bodoh tu simpan diam2 jelh...bukan buat konten hingga luar negara,YXZjU93WOvM,Viral Clip of Malaysian Tourists Slammed for Calling Chinese Locals &#39;Smelly&#39; | Firstpost News | N18G,Malaysia viral video,2026-07-26T22:35:48
"What if she is innocent, what if she said was true what if those people don't take a bath or look after their hygiene, her only fault is that she was honest",YXZjU93WOvM,Viral Clip of Malaysian Tourists Slammed for Calling Chinese Locals &#39;Smelly&#39; | Firstpost News | N18G,Malaysia viral video,2026-07-26T22:35:48
Hey you.  KINDNESS AND RESPECT.   YOU DON'T HAVE.,YXZjU93WOvM,Viral Clip of Malaysian Tourists Slammed for Calling Chinese Locals &#39;Smelly&#39; | Firstpost News | N18G,Malaysia viral video,2026-07-26T22:35:48
Great culture my  ass,YXZjU93WOvM,Viral Clip of Malaysian Tourists Slammed for Calling Chinese Locals &#39;Smelly&#39; | Firstpost News | N18G,Malaysia viral video,2026-07-26T22:35:48
Sendiri kumpulan kamu yg bawa nama busuk utk Malaysia peringkat world lagi....memalukan,YXZjU93WOvM,Viral Clip of Malaysian Tourists Slammed for Calling Chinese Locals &#39;Smelly&#39; | Firstpost News | N18G,Malaysia viral video,2026-07-26T22:35:48
Malaysian used too much perfume de Paris but China like mother nature  perfume,YXZjU93WOvM,Viral Clip of Malaysian Tourists Slammed for Calling Chinese Locals &#39;Smelly&#39; | Firstpost News | N18G,Malaysia viral video,2026-07-26T22:35:48
Na'uzubillahiminzalik mulutmu harimaumu,YXZjU93WOvM,Viral Clip of Malaysian Tourists Slammed for Calling Chinese Locals &#39;Smelly&#39; | Firstpost News | N18G,Malaysia viral video,2026-07-26T22:35:48
Penguins😂😂😂😂,YXZjU93WOvM,Viral Clip of Malaysian Tourists Slammed for Calling Chinese Locals &#39;Smelly&#39; | Firstpost News | N18G,Malaysia viral video,2026-07-26T22:35:48
"This is a very sick person who must have some hidden agendas to do no good to someone or some place.  It is not about what she smelled- how she did not know people next to  and surround  her were from her own group, not locals. (not mention the odor from her own tightly covered hair and body under this 30C + summer weather). If she wants to hostile to a country and its people why  bothers  to go there?",YXZjU93WOvM,Viral Clip of Malaysian Tourists Slammed for Calling Chinese Locals &#39;Smelly&#39; | Firstpost News | N18G,Malaysia viral video,2026-07-26T22:35:48
They allow fat cops in Malaysia? Bet she cannot pass the minimum annual fitness requirements for officers in Singapore.,YXZjU93WOvM,Viral Clip of Malaysian Tourists Slammed for Calling Chinese Locals &#39;Smelly&#39; | Firstpost News | N18G,Malaysia viral video,2026-07-26T22:35:48
"Could it be that she has an odor and is afraid others will notice, so she deliberately shouts that others have an odor to divert their attention from her?😂",YXZjU93WOvM,Viral Clip of Malaysian Tourists Slammed for Calling Chinese Locals &#39;Smelly&#39; | Firstpost News | N18G,Malaysia viral video,2026-07-26T22:35:48
Idiots Simpan sikit Kebodohan tu untuk anak cucu kau itu pun kalau kau ada zuriat 😮,YXZjU93WOvM,Viral Clip of Malaysian Tourists Slammed for Calling Chinese Locals &#39;Smelly&#39; | Firstpost News | N18G,Malaysia viral video,2026-07-26T22:35:48
Malaysia truly Asiaaaaa😂,YXZjU93WOvM,Viral Clip of Malaysian Tourists Slammed for Calling Chinese Locals &#39;Smelly&#39; | Firstpost News | N18G,Malaysia viral video,2026-07-26T22:35:48
😂😆,YXZjU93WOvM,Viral Clip of Malaysian Tourists Slammed for Calling Chinese Locals &#39;Smelly&#39; | Firstpost News | N18G,Malaysia viral video,2026-07-26T22:35:48
"till today, their actions were not condemned by the authorities... actions were promised but it's all quiet after the initial backlash by the rakyat... waiting for relationship between the 2 countries to sour?",YXZjU93WOvM,Viral Clip of Malaysian Tourists Slammed for Calling Chinese Locals &#39;Smelly&#39; | Firstpost News | N18G,Malaysia viral video,2026-07-26T22:35:48
Nasty people but stupid enough to self identify,YXZjU93WOvM,Viral Clip of Malaysian Tourists Slammed for Calling Chinese Locals &#39;Smelly&#39; | Firstpost News | N18G,Malaysia viral video,2026-07-26T22:35:48
"We don't mind surrounding with horrible body odors because we are brilliant in promoting  air freshener, baby powder, dashing masculine deodorant body spray, premium perfume n many more. Loves fm an ant in woods, Ghombau.MALAYSIA. Have you brush your teeth?. Don't get offended, we just asking.",YXZjU93WOvM,Viral Clip of Malaysian Tourists Slammed for Calling Chinese Locals &#39;Smelly&#39; | Firstpost News | N18G,Malaysia viral video,2026-07-26T22:35:48
Someone in their group farting n then blaming the Chinese local😂🤪😜,YXZjU93WOvM,Viral Clip of Malaysian Tourists Slammed for Calling Chinese Locals &#39;Smelly&#39; | Firstpost News | N18G,Malaysia viral video,2026-07-26T22:35:48
Are they Muslim?,YXZjU93WOvM,Viral Clip of Malaysian Tourists Slammed for Calling Chinese Locals &#39;Smelly&#39; | Firstpost News | N18G,Malaysia viral video,2026-07-26T22:35:48
Oi Nur Asyiqin Mohd Dalil,YXZjU93WOvM,Viral Clip of Malaysian Tourists Slammed for Calling Chinese Locals &#39;Smelly&#39; | Firstpost News | N18G,Malaysia viral video,2026-07-26T22:35:48
Wear diving oxygen tank while you are in China 😢😢,YXZjU93WOvM,Viral Clip of Malaysian Tourists Slammed for Calling Chinese Locals &#39;Smelly&#39; | Firstpost News | N18G,Malaysia viral video,2026-07-26T22:35:48
"kan jadinya menurunkan standart kualitas polisi wanita dimana mana, tapi......


apa ini sebenarnya di sengaja buat nutupin other agenda ?

honestly i'm just curious, why are they so bold like that",YXZjU93WOvM,Viral Clip of Malaysian Tourists Slammed for Calling Chinese Locals &#39;Smelly&#39; | Firstpost News | N18G,Malaysia viral video,2026-07-26T22:35:48
Malaydesh🇲🇾❤ 🇧🇩Bangladesh 🤩🤩,YXZjU93WOvM,Viral Clip of Malaysian Tourists Slammed for Calling Chinese Locals &#39;Smelly&#39; | Firstpost News | N18G,Malaysia viral video,2026-07-26T22:35:48
Only a coward that would insulted others knowing they don't understand what was being said!!,YXZjU93WOvM,Viral Clip of Malaysian Tourists Slammed for Calling Chinese Locals &#39;Smelly&#39; | Firstpost News | N18G,Malaysia viral video,2026-07-26T22:35:48
"We would like to apologize to the people of China on behalf of our fellow Malaysians for their boisterous conduct and disrespectful, rowdy behavior during their recent visit to China. They do not represent the majority of Malaysians, who are well-behaved and dignified. 🙏🙏🙏",YXZjU93WOvM,Viral Clip of Malaysian Tourists Slammed for Calling Chinese Locals &#39;Smelly&#39; | Firstpost News | N18G,Malaysia viral video,2026-07-26T22:35:48
Most malaysian malays tend to look down on people from other ASEAN or African countries. They often act as if they're superior to everyone else,YXZjU93WOvM,Viral Clip of Malaysian Tourists Slammed for Calling Chinese Locals &#39;Smelly&#39; | Firstpost News | N18G,Malaysia viral video,2026-07-26T22:35:48
Motives..命令😅,YXZjU93WOvM,Viral Clip of Malaysian Tourists Slammed for Calling Chinese Locals &#39;Smelly&#39; | Firstpost News | N18G,Malaysia viral video,2026-07-26T22:35:48
These dirty idiots wrapping themselves up like dead bodies calling others smelly is funny. Imagine the Malaysian heat plus their body/head wraps - you tell me how they will smell LoL.,YXZjU93WOvM,Viral Clip of Malaysian Tourists Slammed for Calling Chinese Locals &#39;Smelly&#39; | Firstpost News | N18G,Malaysia viral video,2026-07-26T22:35:48
A Muslim female police officer from the Royal Malaysian Police wearing a headscarf. This video has gone viral worldwide.,YXZjU93WOvM,Viral Clip of Malaysian Tourists Slammed for Calling Chinese Locals &#39;Smelly&#39; | Firstpost News | N18G,Malaysia viral video,2026-07-26T22:35:48
其实我们华人也会闻到印里马来人也是有体臭的，只是我们华人比较有教养不会乱说 体谅他人的感受。,YXZjU93WOvM,Viral Clip of Malaysian Tourists Slammed for Calling Chinese Locals &#39;Smelly&#39; | Firstpost News | N18G,Malaysia viral video,2026-07-26T22:35:48
Probably smelled themselves.,YXZjU93WOvM,Viral Clip of Malaysian Tourists Slammed for Calling Chinese Locals &#39;Smelly&#39; | Firstpost News | N18G,Malaysia viral video,2026-07-26T22:35:48
same same lah -https://youtu.be/CL6W0kqnVb4?si=TnJmNE6sFe_NEpjY,YXZjU93WOvM,Viral Clip of Malaysian Tourists Slammed for Calling Chinese Locals &#39;Smelly&#39; | Firstpost News | N18G,Malaysia viral video,2026-07-26T22:35:48
Stupidity at its best. I wish that they were ousted,YXZjU93WOvM,Viral Clip of Malaysian Tourists Slammed for Calling Chinese Locals &#39;Smelly&#39; | Firstpost News | N18G,Malaysia viral video,2026-07-26T22:35:48
gedik nya,YXZjU93WOvM,Viral Clip of Malaysian Tourists Slammed for Calling Chinese Locals &#39;Smelly&#39; | Firstpost News | N18G,Malaysia viral video,2026-07-26T22:35:48
Muslims calling other people smelly. Isn't that irony 😂,YXZjU93WOvM,Viral Clip of Malaysian Tourists Slammed for Calling Chinese Locals &#39;Smelly&#39; | Firstpost News | N18G,Malaysia viral video,2026-07-26T22:35:48
Betul kurang ajar😡🤬,YXZjU93WOvM,Viral Clip of Malaysian Tourists Slammed for Calling Chinese Locals &#39;Smelly&#39; | Firstpost News | N18G,Malaysia viral video,2026-07-26T22:35:48
Shameful n disgraceful. When ur a guest in a country u need to behave n b respectful not for getting ya action represent not only u but country too. If ya cant advocate dont travel.,YXZjU93WOvM,Viral Clip of Malaysian Tourists Slammed for Calling Chinese Locals &#39;Smelly&#39; | Firstpost News | N18G,Malaysia viral video,2026-07-26T22:35:48
People from all over the world are visiting China none of them have any issue but only the malay,YXZjU93WOvM,Viral Clip of Malaysian Tourists Slammed for Calling Chinese Locals &#39;Smelly&#39; | Firstpost News | N18G,Malaysia viral video,2026-07-26T22:35:48
"Dia menikmati sekali saat merendahkan dan menghina pihak lain, artinya ada yg salah di lingkungan atau pendidikanya ini menunjukkan bahwa hal ini terjadi bukan spontanitas bahkan sepertinya sudah di rencanakan terbukti tidak ada yg berusaha mengingatkan dari sekian banyaknya rombongan.",YXZjU93WOvM,Viral Clip of Malaysian Tourists Slammed for Calling Chinese Locals &#39;Smelly&#39; | Firstpost News | N18G,Malaysia viral video,2026-07-26T22:35:48
Such beautiful faces but such evil hearts....😢,YXZjU93WOvM,Viral Clip of Malaysian Tourists Slammed for Calling Chinese Locals &#39;Smelly&#39; | Firstpost News | N18G,Malaysia viral video,2026-07-26T22:35:48
Islamic girls not known for such  behaviour...,YXZjU93WOvM,Viral Clip of Malaysian Tourists Slammed for Calling Chinese Locals &#39;Smelly&#39; | Firstpost News | N18G,Malaysia viral video,2026-07-26T22:35:48
🙏🏻🙏🏻😔😔😔😔,YXZjU93WOvM,Viral Clip of Malaysian Tourists Slammed for Calling Chinese Locals &#39;Smelly&#39; | Firstpost News | N18G,Malaysia viral video,2026-07-26T22:35:48
"That's the smell of hard work n sweat, something some privileged Malaysians have forgotten!! They should go back n ask their grandparents who worked their rice  fields day n night!!!  Shame!!!",YXZjU93WOvM,Viral Clip of Malaysian Tourists Slammed for Calling Chinese Locals &#39;Smelly&#39; | Firstpost News | N18G,Malaysia viral video,2026-07-26T22:35:48
How could it not stink with a burial shroud wrapped around one's head?,YXZjU93WOvM,Viral Clip of Malaysian Tourists Slammed for Calling Chinese Locals &#39;Smelly&#39; | Firstpost News | N18G,Malaysia viral video,2026-07-26T22:35:48
What awful people,YXZjU93WOvM,Viral Clip of Malaysian Tourists Slammed for Calling Chinese Locals &#39;Smelly&#39; | Firstpost News | N18G,Malaysia viral video,2026-07-26T22:35:48
"Begini orang Malaysia
Selalu didepan
Jadi terkenal piral😂😂",YXZjU93WOvM,Viral Clip of Malaysian Tourists Slammed for Calling Chinese Locals &#39;Smelly&#39; | Firstpost News | N18G,Malaysia viral video,2026-07-26T22:35:48
But her mouth stinks even more with bad words and rudity.... she didnt realize she has just spread how smelly her own personality is. 😂,YXZjU93WOvM,Viral Clip of Malaysian Tourists Slammed for Calling Chinese Locals &#39;Smelly&#39; | Firstpost News | N18G,Malaysia viral video,2026-07-26T22:35:48
Polis ke😅😂,YXZjU93WOvM,Viral Clip of Malaysian Tourists Slammed for Calling Chinese Locals &#39;Smelly&#39; | Firstpost News | N18G,Malaysia viral video,2026-07-26T22:35:48
"Any time a society gets wealthy, they thiink they are superior than other people.",YXZjU93WOvM,Viral Clip of Malaysian Tourists Slammed for Calling Chinese Locals &#39;Smelly&#39; | Firstpost News | N18G,Malaysia viral video,2026-07-26T22:35:48
"Kononnya  , dia polis ???!!!",YXZjU93WOvM,Viral Clip of Malaysian Tourists Slammed for Calling Chinese Locals &#39;Smelly&#39; | Firstpost News | N18G,Malaysia viral video,2026-07-26T22:35:48
Making a fool and a clown of themselves..😅,YXZjU93WOvM,Viral Clip of Malaysian Tourists Slammed for Calling Chinese Locals &#39;Smelly&#39; | Firstpost News | N18G,Malaysia viral video,2026-07-26T22:35:48
This is rude,YXZjU93WOvM,Viral Clip of Malaysian Tourists Slammed for Calling Chinese Locals &#39;Smelly&#39; | Firstpost News | N18G,Malaysia viral video,2026-07-26T22:35:48
Pi negara orang lepas tu dok hina orang. Astaghfirullahalazim. Islam tak ajar kita jadi macam tu,YXZjU93WOvM,Viral Clip of Malaysian Tourists Slammed for Calling Chinese Locals &#39;Smelly&#39; | Firstpost News | N18G,Malaysia viral video,2026-07-26T22:35:48
"The irony is that they hate them who look like them, eat like them etc.",YXZjU93WOvM,Viral Clip of Malaysian Tourists Slammed for Calling Chinese Locals &#39;Smelly&#39; | Firstpost News | N18G,Malaysia viral video,2026-07-26T22:35:48
"Semua kurang ajarlah
Jatuhkan imej negara malaysia.",YXZjU93WOvM,Viral Clip of Malaysian Tourists Slammed for Calling Chinese Locals &#39;Smelly&#39; | Firstpost News | N18G,Malaysia viral video,2026-07-26T22:35:48
Amat memalukan,YXZjU93WOvM,Viral Clip of Malaysian Tourists Slammed for Calling Chinese Locals &#39;Smelly&#39; | Firstpost News | N18G,Malaysia viral video,2026-07-26T22:35:48
Is this malay muslim behavior.. So sad..,YXZjU93WOvM,Viral Clip of Malaysian Tourists Slammed for Calling Chinese Locals &#39;Smelly&#39; | Firstpost News | N18G,Malaysia viral video,2026-07-26T22:35:48
"I say we forgive her & extend a hand of friendship.
Who among us have not done silly things in our impetuous youth?",YXZjU93WOvM,Viral Clip of Malaysian Tourists Slammed for Calling Chinese Locals &#39;Smelly&#39; | Firstpost News | N18G,Malaysia viral video,2026-07-26T22:35:48
"Chinese getting a taste of their own, reverse PR war has started from some countries against china",YXZjU93WOvM,Viral Clip of Malaysian Tourists Slammed for Calling Chinese Locals &#39;Smelly&#39; | Firstpost News | N18G,Malaysia viral video,2026-07-26T22:35:48
当我在马来西亚旅行时，我闻到了特别难闻的气味。但我从来没有公开大喊大叫的说好臭。你们不洗澡吗？,YXZjU93WOvM,Viral Clip of Malaysian Tourists Slammed for Calling Chinese Locals &#39;Smelly&#39; | Firstpost News | N18G,Malaysia viral video,2026-07-26T22:35:48
"Mereka tidak hanya berteriak di tempat-tempat indah di Cina, mengatakan itu bau, tidakkah kamu mandi?  Hal yang sama berlaku untuk mereka di taksi, di bus, dan mendorong nenek di depannya ketika mereka naik bus.  Jika orang Cina mengerti apa yang dia bicarakan, dia akan dipukuli oleh kelompok.",YXZjU93WOvM,Viral Clip of Malaysian Tourists Slammed for Calling Chinese Locals &#39;Smelly&#39; | Firstpost News | N18G,Malaysia viral video,2026-07-26T22:35:48
"Polis wanita Muslim berhijab cari pasal di luar negara bangga tunjukkan kurang akhlak & buat onar di media sosial. Video ini dah viral seluruh dunia.

She shld be fired from PDRM a.s.a.p.

National embarassment.",YXZjU93WOvM,Viral Clip of Malaysian Tourists Slammed for Calling Chinese Locals &#39;Smelly&#39; | Firstpost News | N18G,Malaysia viral video,2026-07-26T22:35:48
Na மலேஷியா ல தான் irukken இங்க chinese peoples  இவிங்கள குப்பையா கூட மதிக்க மாட்டானுங்க 😂 மலேஷியா காரனுங்க குளிக்கவே மாட்டானுங்க பல்லு விளக்க மாட்டானுங்க இவனுங்க அவிங்கள சொல்றானுங்க 😂 மலேஷியா ல rich people eh indians and chinese peoples தான்,YXZjU93WOvM,Viral Clip of Malaysian Tourists Slammed for Calling Chinese Locals &#39;Smelly&#39; | Firstpost News | N18G,Malaysia viral video,2026-07-26T22:35:48
"Malaysians are our SEAblings (members of ASEAN), so as another SEAbling. They shouldn't mock anyone's culture. We have faced drama from others mocking your and other countrie's culture from ASEAN. So if we are to be mad at them for what they do to us (and rightfully so) then we shouldn't be doing that same thing to others.",YXZjU93WOvM,Viral Clip of Malaysian Tourists Slammed for Calling Chinese Locals &#39;Smelly&#39; | Firstpost News | N18G,Malaysia viral video,2026-07-26T22:35:48
When the Chinese do it to black people where is all the outrage 😂😂😂😂😂go my Malaysian friends tell it as it is🙌🏻,YXZjU93WOvM,Viral Clip of Malaysian Tourists Slammed for Calling Chinese Locals &#39;Smelly&#39; | Firstpost News | N18G,Malaysia viral video,2026-07-26T22:35:48
"A super police woman trying to insult a superpower. I supposed she knew nothing about what Lithuania did to the superpower on Taiwan issue. Lithuania is now begging to re establish diplomatic relationship with the superpower.we have to be careful of super low character like her from jeopardising our exports to this country.
I supposed she achieved what she planned, attention but in the wrong way. Police must take displinary action on her or my musang king fruits may not be able to find its way to the chinese in China.",YXZjU93WOvM,Viral Clip of Malaysian Tourists Slammed for Calling Chinese Locals &#39;Smelly&#39; | Firstpost News | N18G,Malaysia viral video,2026-07-26T22:35:48
Hooligans,YXZjU93WOvM,Viral Clip of Malaysian Tourists Slammed for Calling Chinese Locals &#39;Smelly&#39; | Firstpost News | N18G,Malaysia viral video,2026-07-26T22:35:48
"Assalamualaikum

Ini bukan cara menjaga kehormatan agama, negara dan bangsa.",YXZjU93WOvM,Viral Clip of Malaysian Tourists Slammed for Calling Chinese Locals &#39;Smelly&#39; | Firstpost News | N18G,Malaysia viral video,2026-07-26T22:35:48
Kurang ajar!,YXZjU93WOvM,Viral Clip of Malaysian Tourists Slammed for Calling Chinese Locals &#39;Smelly&#39; | Firstpost News | N18G,Malaysia viral video,2026-07-26T22:35:48
"Yg busuk adalah sekelompok orang mcm ni. Memalukan bangsa, agama dan negara..",YXZjU93WOvM,Viral Clip of Malaysian Tourists Slammed for Calling Chinese Locals &#39;Smelly&#39; | Firstpost News | N18G,Malaysia viral video,2026-07-26T22:35:48
Its perfect from indian perspective. At least they are not mocking indians. So we should support that.,YXZjU93WOvM,Viral Clip of Malaysian Tourists Slammed for Calling Chinese Locals &#39;Smelly&#39; | Firstpost News | N18G,Malaysia viral video,2026-07-26T22:35:48
Chinese do the same.,YXZjU93WOvM,Viral Clip of Malaysian Tourists Slammed for Calling Chinese Locals &#39;Smelly&#39; | Firstpost News | N18G,Malaysia viral video,2026-07-26T22:35:48
These same Malaysians screaming racism to S. Koreans. How pathetic.,YXZjU93WOvM,Viral Clip of Malaysian Tourists Slammed for Calling Chinese Locals &#39;Smelly&#39; | Firstpost News | N18G,Malaysia viral video,2026-07-26T22:35:48
Tips: East Asians generally have significantly milder body odor compared with other human populations.,YXZjU93WOvM,Viral Clip of Malaysian Tourists Slammed for Calling Chinese Locals &#39;Smelly&#39; | Firstpost News | N18G,Malaysia viral video,2026-07-26T22:35:48
I don't see other country's people apologizing for their tourist's behavior when they come to India.,YXZjU93WOvM,Viral Clip of Malaysian Tourists Slammed for Calling Chinese Locals &#39;Smelly&#39; | Firstpost News | N18G,Malaysia viral video,2026-07-26T22:35:48
Buat malu Malaysia.. Perangai tak beradab.. Video ini sudah sampai ke America dan seluruh dunia. Puak ini perlu digantung dari keluar negara.,YXZjU93WOvM,Viral Clip of Malaysian Tourists Slammed for Calling Chinese Locals &#39;Smelly&#39; | Firstpost News | N18G,Malaysia viral video,2026-07-26T22:35:48
"There’s going to be a backlash from 1 plus billion Chinese against people wearing headscarves because it’s human nature. What you put out, you get. Karma.",YXZjU93WOvM,Viral Clip of Malaysian Tourists Slammed for Calling Chinese Locals &#39;Smelly&#39; | Firstpost News | N18G,Malaysia viral video,2026-07-26T22:35:48
"Interestingly, anyone with a basic understanding of biology knows that East Asians have very weak body odors. If these clowns think they can use this to anger the Chinese, they will obviously be disappointed. Some people just love to create topics about race and completely ignore biology. This is simply a desecration of science.",YXZjU93WOvM,Viral Clip of Malaysian Tourists Slammed for Calling Chinese Locals &#39;Smelly&#39; | Firstpost News | N18G,Malaysia viral video,2026-07-26T22:35:48
"Is disrespect allowed and accepted???

Well unfortunately, when people Embrace and Enjoy blatant disrespect of others, then it seems hypocritical to suddenly expect honor and dignity... as seen in the following surprising videos:
https://youtube.com/shorts/g4UBAirVLc8?is=hXSBNgXuFgq6W_qh

https://youtube.com/shorts/CsypIC4xDpk?is=bxYgrtR4QNgqI7yO

What is the shameful disgusting dishonorable savage behavior!!!",YXZjU93WOvM,Viral Clip of Malaysian Tourists Slammed for Calling Chinese Locals &#39;Smelly&#39; | Firstpost News | N18G,Malaysia viral video,2026-07-26T22:35:48
"This is insane and racist act by those tourist . But the fact is these Chinese , Pakistani and even some Western bots always mocks Indians with their racist and stereotypic propaganda mindset in every comment section in social media . Now its their real turn for chinese to recieve those hatred critics because of their Karma just for insulting others with similar manner .",YXZjU93WOvM,Viral Clip of Malaysian Tourists Slammed for Calling Chinese Locals &#39;Smelly&#39; | Firstpost News | N18G,Malaysia viral video,2026-07-26T22:35:48
"🧕🇲🇾 tourist r the one LOCO....
Summer IN 🇨🇳 but 🧕🇲🇾 tourist r wearing FALL clothes......
Easily get sweaty....",YXZjU93WOvM,Viral Clip of Malaysian Tourists Slammed for Calling Chinese Locals &#39;Smelly&#39; | Firstpost News | N18G,Malaysia viral video,2026-07-26T22:35:48
Really they didn't be to India 😅😅😅,YXZjU93WOvM,Viral Clip of Malaysian Tourists Slammed for Calling Chinese Locals &#39;Smelly&#39; | Firstpost News | N18G,Malaysia viral video,2026-07-26T22:35:48
Good,YXZjU93WOvM,Viral Clip of Malaysian Tourists Slammed for Calling Chinese Locals &#39;Smelly&#39; | Firstpost News | N18G,Malaysia viral video,2026-07-26T22:35:48
No need to emmbarassed others we malaysian should have adab,YXZjU93WOvM,Viral Clip of Malaysian Tourists Slammed for Calling Chinese Locals &#39;Smelly&#39; | Firstpost News | N18G,Malaysia viral video,2026-07-26T22:35:48
You go chinese coffee the toilet are dirty  in singapore also,BqtsIOe04oc,Malaysian woman apologises over video mocking locals in China,Malaysia viral video,2026-07-26T22:35:50
She is correct,BqtsIOe04oc,Malaysian woman apologises over video mocking locals in China,Malaysia viral video,2026-07-26T22:35:50
As usual. The whole world can now witness the type of police Malaysia have and now feel the frustration of how the Malaysia PDRM handle such cases... fair or justice served is entirely for everyone to see.... some people already quietly laughing... haha LOL 😅,BqtsIOe04oc,Malaysian woman apologises over video mocking locals in China,Malaysia viral video,2026-07-26T22:35:50
No action ......you can hurt people in their own country and just say sorry...,BqtsIOe04oc,Malaysian woman apologises over video mocking locals in China,Malaysia viral video,2026-07-26T22:35:50
Orang buruk tapi merasa paling bagus bercermin dulu lah kalau mau ngomong,BqtsIOe04oc,Malaysian woman apologises over video mocking locals in China,Malaysia viral video,2026-07-26T22:35:50
After all the damage and belittling……. this show how shallow her mind is and also her  racism,BqtsIOe04oc,Malaysian woman apologises over video mocking locals in China,Malaysia viral video,2026-07-26T22:35:50
Ask her use brain,BqtsIOe04oc,Malaysian woman apologises over video mocking locals in China,Malaysia viral video,2026-07-26T22:35:50
Dah lah merempat tempat orang tak tau diri mengate ngre org kalau lawa tak pe juge ciuuh,BqtsIOe04oc,Malaysian woman apologises over video mocking locals in China,Malaysia viral video,2026-07-26T22:35:50
Wkwkwkwkw....kesian emg malaysia truly rasis...wkwkwkw the people the word know is malaysia people...wkwkwkwkwkwk 😂,BqtsIOe04oc,Malaysian woman apologises over video mocking locals in China,Malaysia viral video,2026-07-26T22:35:50
U still eat their food😂😂😂😂,BqtsIOe04oc,Malaysian woman apologises over video mocking locals in China,Malaysia viral video,2026-07-26T22:35:50
Orang mcm ni ban je passport dia orang tak pandai bawak diri buat malu nama negara je,BqtsIOe04oc,Malaysian woman apologises over video mocking locals in China,Malaysia viral video,2026-07-26T22:35:50
"What is there to apologise for when she was simply stating what she observed? If something smells, it smells. Being open about it helps raise awareness of hygiene, and there is nothing inherently wrong with that. There should be no need to apologise for making a factual observation. Dirty, smelly, and unhygienic conditions are not acceptable anywhere in the world, especially in shared public spaces.",BqtsIOe04oc,Malaysian woman apologises over video mocking locals in China,Malaysia viral video,2026-07-26T22:35:50
Biasa sudah viral baru nak minta maaf..,BqtsIOe04oc,Malaysian woman apologises over video mocking locals in China,Malaysia viral video,2026-07-26T22:35:50
I hope they look at themselves before criticizing other,BqtsIOe04oc,Malaysian woman apologises over video mocking locals in China,Malaysia viral video,2026-07-26T22:35:50
Jungle people less smelly than city folks?,BqtsIOe04oc,Malaysian woman apologises over video mocking locals in China,Malaysia viral video,2026-07-26T22:35:50
Jail her for shaming Malaysia or  please remove her and her friends from Malaysia!!!!,BqtsIOe04oc,Malaysian woman apologises over video mocking locals in China,Malaysia viral video,2026-07-26T22:35:50
Don't know what type of trainers they have in PDRM. What kind or how was discipline taught?,BqtsIOe04oc,Malaysian woman apologises over video mocking locals in China,Malaysia viral video,2026-07-26T22:35:50
Gov shall strictly review those groups...ban them from travel overseas (maybe for two years) ...as a lesson learn to all Msians,BqtsIOe04oc,Malaysian woman apologises over video mocking locals in China,Malaysia viral video,2026-07-26T22:35:50
她以为在马来西亚一样对待华人那么拽吗？这里是中国是华人社会，而且没有什么宗教法律保护你那莫名其妙的优越感。穆斯林在中国是少数群体。和汉族人和平相处，完全没有相互歧视。如果你敢用英语或者中文羞辱中国人，你会被当街修理的，可能直接塞快猪肉在你嘴里，让你知道中国的味道香不香。警察也不会帮你的。,BqtsIOe04oc,Malaysian woman apologises over video mocking locals in China,Malaysia viral video,2026-07-26T22:35:50
"It was a blatant racist lie. 
Firstly Chinese people don't have strong body odor due to genetics according scientific studies. 
Secondly, Chinese people do bathe with bathing soap, shower gels and wash their hair with shampoo regularly. 
China is leading consumer and producer of bathing soaps, shower gels, liquid soap, shampoo and detergent in the world and even exports its products to Malaysia. 
China dominates the personal care market in sheer volume, consuming an estimated 3.1 million tons of soap annually—roughly 17% of global volume and three times that of the US. In contrast, Malaysia represents a much smaller total market size due to its significantly smaller population. 
Thirdly she's surrounded by her fellow Malaysian tourists, not Chinese citizens, if really there's strong body odor, she and her fellow tourists should check on themselves first instead of screaming racist insults at Chinese people.",BqtsIOe04oc,Malaysian woman apologises over video mocking locals in China,Malaysia viral video,2026-07-26T22:35:50
IMMEDIATELY SACK HER WITH DISHONOURABLE DISCHARGE AND CHARGED HER FOR BEING AN ASS BRINGING BAD NAME AND MAKING WAR IN ANOTHER COUNTRY.,BqtsIOe04oc,Malaysian woman apologises over video mocking locals in China,Malaysia viral video,2026-07-26T22:35:50
Bcs of y'all behavior attitude Malaysia has been tarnished,BqtsIOe04oc,Malaysian woman apologises over video mocking locals in China,Malaysia viral video,2026-07-26T22:35:50
"Aiya, Sama Sama lah😅. You think the Chinese so polite when they go overseas on tour? Go look at YouTube showcasing ugly Chinese behavior at tourist spots and screaming at locals 😂😂😂😂",BqtsIOe04oc,Malaysian woman apologises over video mocking locals in China,Malaysia viral video,2026-07-26T22:35:50
Luckily China are rational.. Imagine China decided to banned Chinese from visiting Malaysia..,BqtsIOe04oc,Malaysian woman apologises over video mocking locals in China,Malaysia viral video,2026-07-26T22:35:50
She should take care of her own smelly hairs and scarves . How many days unwashed 😮‍💨🤧.....,BqtsIOe04oc,Malaysian woman apologises over video mocking locals in China,Malaysia viral video,2026-07-26T22:35:50
Wow! Wearing tudung speaking bad on others,BqtsIOe04oc,Malaysian woman apologises over video mocking locals in China,Malaysia viral video,2026-07-26T22:35:50
BODOH bawak gi ke luar negeri pastu post kt sosmed😂,BqtsIOe04oc,Malaysian woman apologises over video mocking locals in China,Malaysia viral video,2026-07-26T22:35:50
Malaydhes tk de adab😂😂,BqtsIOe04oc,Malaysian woman apologises over video mocking locals in China,Malaysia viral video,2026-07-26T22:35:50
"Really ???😂😂
A police office as well. Good luck to the citizens.",BqtsIOe04oc,Malaysian woman apologises over video mocking locals in China,Malaysia viral video,2026-07-26T22:35:50
Shameful and disgusting.,BqtsIOe04oc,Malaysian woman apologises over video mocking locals in China,Malaysia viral video,2026-07-26T22:35:50
She should not only cover her head with tudung but also cover and shut her mouth with mask to prevent uncessary unsavoury remarks to others. This is the basic teaching of Islam.,BqtsIOe04oc,Malaysian woman apologises over video mocking locals in China,Malaysia viral video,2026-07-26T22:35:50
"Kalau 1 Cina buat hal, semua komen rasis macam semua bangsa Cina bermasalah.

Kalau Melayu buat hal, takde pulak nak cakap bangsa Melayu ni ada masalah ya. Kenapa ya?",BqtsIOe04oc,Malaysian woman apologises over video mocking locals in China,Malaysia viral video,2026-07-26T22:35:50
"WTF?
i day act very fierce issue legal warning
and other day apologize?

is that normal in Malaysia?",BqtsIOe04oc,Malaysian woman apologises over video mocking locals in China,Malaysia viral video,2026-07-26T22:35:50
"Really???? The apology is not sincere. All this ignorance and arrogance stems from years of brain washing by the Malay politicians into thinking that the Malays are the superior race, at least in Malaysia.",BqtsIOe04oc,Malaysian woman apologises over video mocking locals in China,Malaysia viral video,2026-07-26T22:35:50
"She ""apologises"" then threatens legal action against her critics for ""slander"". Obviously no real remorse. 
   Kurang ajar also means lacking in upbringing. If she went to court the incident would be splashed all over mainstream media internationally. She and her friends will stink even more and her family and Malaysia's good name will be dragged through the mud.",BqtsIOe04oc,Malaysian woman apologises over video mocking locals in China,Malaysia viral video,2026-07-26T22:35:50
"Dulu diajarin ibu, jangan pernah menghina seseorang, jangan menyakiti orang lain, harus berbuat baik, sekalipun tidak bisa berbuat baik, kamu jangan berbuat jahat.",BqtsIOe04oc,Malaysian woman apologises over video mocking locals in China,Malaysia viral video,2026-07-26T22:35:50
Stop isu ni...,BqtsIOe04oc,Malaysian woman apologises over video mocking locals in China,Malaysia viral video,2026-07-26T22:35:50
Anti-Chinese racism is deep in some groups' mind.,BqtsIOe04oc,Malaysian woman apologises over video mocking locals in China,Malaysia viral video,2026-07-26T22:35:50
"Guess, with simple apology by Civil Servant case closed. 
Think before you are not act mocking local take couple of weeks to apologies",BqtsIOe04oc,Malaysian woman apologises over video mocking locals in China,Malaysia viral video,2026-07-26T22:35:50
Whose daughter is she?,BqtsIOe04oc,Malaysian woman apologises over video mocking locals in China,Malaysia viral video,2026-07-26T22:35:50
Takkan nak biarkan je busuk sampai bila2. Klu tak tegur busuk selamanya. Tegur untuk kebaikan.,BqtsIOe04oc,Malaysian woman apologises over video mocking locals in China,Malaysia viral video,2026-07-26T22:35:50
"ACCIDENTLY RACE THE BOAT,
YOU CAN REVERSE,
ACCIDENTLY TALK,
BAD RESULTS YOU WILL GET.",BqtsIOe04oc,Malaysian woman apologises over video mocking locals in China,Malaysia viral video,2026-07-26T22:35:50
SDH di ambil tindak kn kah???,BqtsIOe04oc,Malaysian woman apologises over video mocking locals in China,Malaysia viral video,2026-07-26T22:35:50
It's ok wat she done is not wrong cause Chinese and Malay treat indians with racial words calling keling and kicap. Bunch of hipocrites.,BqtsIOe04oc,Malaysian woman apologises over video mocking locals in China,Malaysia viral video,2026-07-26T22:35:50
"Is that 'KURANG AJAR' in Malaysia? She shamed all..her Religion, Family, Relatives, Friends and ALL MALAYSIANS. SUCH TOURISTS MUST BE BANNED FROM TRAVELLING",BqtsIOe04oc,Malaysian woman apologises over video mocking locals in China,Malaysia viral video,2026-07-26T22:35:50
Busukk katanya tapi entah2 diorg pun busuk cuma  org tak cakap. 😅😂,BqtsIOe04oc,Malaysian woman apologises over video mocking locals in China,Malaysia viral video,2026-07-26T22:35:50
Is she a Muslim?,BqtsIOe04oc,Malaysian woman apologises over video mocking locals in China,Malaysia viral video,2026-07-26T22:35:50
She is  ill-mennered she has disgraced  the country,BqtsIOe04oc,Malaysian woman apologises over video mocking locals in China,Malaysia viral video,2026-07-26T22:35:50
Really kurang ajar!!!,BqtsIOe04oc,Malaysian woman apologises over video mocking locals in China,Malaysia viral video,2026-07-26T22:35:50
"Good girls, apologise is what you should have done before all this heboh lah tapi takpa as long you are ikhlas, biar what others want to say lah.",BqtsIOe04oc,Malaysian woman apologises over video mocking locals in China,Malaysia viral video,2026-07-26T22:35:50
"This Malay Police Woman was shouting and screaming loudly, she has no manners of speaking",BqtsIOe04oc,Malaysian woman apologises over video mocking locals in China,Malaysia viral video,2026-07-26T22:35:50
Apology not sincere. She was smiling and expressed no remorse.,BqtsIOe04oc,Malaysian woman apologises over video mocking locals in China,Malaysia viral video,2026-07-26T22:35:50
Lack of exposure 😮 maybe seldom travels overseas 😢,BqtsIOe04oc,Malaysian woman apologises over video mocking locals in China,Malaysia viral video,2026-07-26T22:35:50
"She behaves as though coming from a hutan… tak pernah travel, tak tau nak hormat orang.. really .. the shouting screaming and how she conduct herself is truly embarrassing.",BqtsIOe04oc,Malaysian woman apologises over video mocking locals in China,Malaysia viral video,2026-07-26T22:35:50
Whole group should be put under discipline. Really embaress Malaysian,BqtsIOe04oc,Malaysian woman apologises over video mocking locals in China,Malaysia viral video,2026-07-26T22:35:50
"¡Llevar pañuelo en la cabeza y comer curry hace que el olor corporal se disipe con un perfume fuerte! Chicas, tienen que cuidar mejor su higiene personal.",BqtsIOe04oc,Malaysian woman apologises over video mocking locals in China,Malaysia viral video,2026-07-26T22:35:50
Why apologise in BM ? Should apologise in Chinese to the people of China. Buat malu kpd negeri Malaysia,BqtsIOe04oc,Malaysian woman apologises over video mocking locals in China,Malaysia viral video,2026-07-26T22:35:50
She shd be sacked from her job n banned to travel out of malaysia for atleast 2 yrs! This is a serious offence !!  Racist!!! Very unislamic too. Shameful ! Idiotic act!!!,BqtsIOe04oc,Malaysian woman apologises over video mocking locals in China,Malaysia viral video,2026-07-26T22:35:50
This is not enough. Don't let her off that easily. Identify those in her group too,BqtsIOe04oc,Malaysian woman apologises over video mocking locals in China,Malaysia viral video,2026-07-26T22:35:50
Shame shame shame..,BqtsIOe04oc,Malaysian woman apologises over video mocking locals in China,Malaysia viral video,2026-07-26T22:35:50
👎😡,BqtsIOe04oc,Malaysian woman apologises over video mocking locals in China,Malaysia viral video,2026-07-26T22:35:50
😡👊,BqtsIOe04oc,Malaysian woman apologises over video mocking locals in China,Malaysia viral video,2026-07-26T22:35:50
Where's you lawyer,BqtsIOe04oc,Malaysian woman apologises over video mocking locals in China,Malaysia viral video,2026-07-26T22:35:50
I recalled a Western Journalist commenting on complacencies leads to stupidity. Looks like it's not wrong.,BqtsIOe04oc,Malaysian woman apologises over video mocking locals in China,Malaysia viral video,2026-07-26T22:35:50
How about the rest of the gangs ?,BqtsIOe04oc,Malaysian woman apologises over video mocking locals in China,Malaysia viral video,2026-07-26T22:35:50
Malay 😅,BqtsIOe04oc,Malaysian woman apologises over video mocking locals in China,Malaysia viral video,2026-07-26T22:35:50
Prof. Sholehah Yacob Kangkung Students,BqtsIOe04oc,Malaysian woman apologises over video mocking locals in China,Malaysia viral video,2026-07-26T22:35:50
Siapa-lah ikan asin?,BqtsIOe04oc,Malaysian woman apologises over video mocking locals in China,Malaysia viral video,2026-07-26T22:35:50
Itulah masalah x menghormati org.dia anggap mcm dia je bersih.kalau x tahu negara org tu mcm tu.kau dtg juga negara org tu.kalau org melayu.mana pergi sopan santun melayu kau yg kau agung2kan.otak bawah kaki.buang negara je.memburukkan nama negara malaysia..,BqtsIOe04oc,Malaysian woman apologises over video mocking locals in China,Malaysia viral video,2026-07-26T22:35:50
A shame to Malaysia!!! She thought that she's superior,BqtsIOe04oc,Malaysian woman apologises over video mocking locals in China,Malaysia viral video,2026-07-26T22:35:50
krg ajr,BqtsIOe04oc,Malaysian woman apologises over video mocking locals in China,Malaysia viral video,2026-07-26T22:35:50
"Kalau warga asing datang ke Malaysia dan kata, ""Durian Malaysia busuk. Benda busuk macam ni pun kamu makan? Tak ada makanan lain yang lebih sedap?""

Lalu buat video yang memalukan seluruh Malaysia dan menyebarkannya ke seluruh dunia, macam si makcik yang bila pergi ke negara China, asyik cakap orang Cina di sana busuk.

Jangan lupa, bila si makcik tu dah makan petai sambal ikan bilis, bila bercakap atau kencing, bau busuk petai tersebar dari mulutnya dan bilik tandasnya

Jadi, cubalah bercermin diri sendiri dulu, sebelum kata orang lain busuk.

Bagai meludah ke langit, akhirnya terkena muka sendiri.

£@£#",BqtsIOe04oc,Malaysian woman apologises over video mocking locals in China,Malaysia viral video,2026-07-26T22:35:50
Wayang,BqtsIOe04oc,Malaysian woman apologises over video mocking locals in China,Malaysia viral video,2026-07-26T22:35:50
"No action shall be taken upon her. Even public school teachers will be moved to another branch and let the news died down. That's the common way of addressing issues. No accountability that's why it happened against and again. 

Unlike the one in Hong Kong where the principal make a scene overseas  and have to own up, apologise. It was taken seriously.",BqtsIOe04oc,Malaysian woman apologises over video mocking locals in China,Malaysia viral video,2026-07-26T22:35:50
agak2 kalau tak viral mintak maaf tak???buat lepastu mintak maaf..old and lame scripted...boringggggg,BqtsIOe04oc,Malaysian woman apologises over video mocking locals in China,Malaysia viral video,2026-07-26T22:35:50
出国之后你不只代表自己，你代表的是一个国家，因此更应该谨言慎行。,BqtsIOe04oc,Malaysian woman apologises over video mocking locals in China,Malaysia viral video,2026-07-26T22:35:50
Terkenal daa..ramai followers,BqtsIOe04oc,Malaysian woman apologises over video mocking locals in China,Malaysia viral video,2026-07-26T22:35:50
She made bad reputation for Malaysian police and Malaysia. Very stupid!,BqtsIOe04oc,Malaysian woman apologises over video mocking locals in China,Malaysia viral video,2026-07-26T22:35:50
Jagalah adab ketika melancong... orang di luar sana tidak kenal mukamu atau tahu namamu tapi mereka kenal dan tahu nama Malaysia jadi dgn perangai spt itu kamu telah mencalar nama baik Rakyat Malaysia yg lain terutamanya ibubapa anda sendiri!,BqtsIOe04oc,Malaysian woman apologises over video mocking locals in China,Malaysia viral video,2026-07-26T22:35:50
Biadap di negara orang buat malu lah,BqtsIOe04oc,Malaysian woman apologises over video mocking locals in China,Malaysia viral video,2026-07-26T22:35:50
"That's how you trash Malaysia's image and reputation. If she is so shitty as a tourist, imagine her in uniform with unchecked power.",BqtsIOe04oc,Malaysian woman apologises over video mocking locals in China,Malaysia viral video,2026-07-26T22:35:50
What about her friends,BqtsIOe04oc,Malaysian woman apologises over video mocking locals in China,Malaysia viral video,2026-07-26T22:35:50
Fine her one milllion ringgit to make her remember thereafter,BqtsIOe04oc,Malaysian woman apologises over video mocking locals in China,Malaysia viral video,2026-07-26T22:35:50
"Prilakunya di china saja memalukan, bagai mana di malaysia mungkin suka nindas kali",BqtsIOe04oc,Malaysian woman apologises over video mocking locals in China,Malaysia viral video,2026-07-26T22:35:50
She is not kurang ajar  but BIADAP.,BqtsIOe04oc,Malaysian woman apologises over video mocking locals in China,Malaysia viral video,2026-07-26T22:35:50
She is Very noise😢,BqtsIOe04oc,Malaysian woman apologises over video mocking locals in China,Malaysia viral video,2026-07-26T22:35:50
There is no doctors or medicines to stabalise stupidity like this. Great example of low level stupidity.,BqtsIOe04oc,Malaysian woman apologises over video mocking locals in China,Malaysia viral video,2026-07-26T22:35:50
How can a group of women behave like this in public and recording and publish it. Doesn't matter where they from who they target n whats their motive. The fact they behalf so roudly and rude speaks a lot about themselves.,BqtsIOe04oc,Malaysian woman apologises over video mocking locals in China,Malaysia viral video,2026-07-26T22:35:50
Pakai tudung tapi tak ada belajar nilai murni Islam... Masyarakat sekarang macam ni...,BqtsIOe04oc,Malaysian woman apologises over video mocking locals in China,Malaysia viral video,2026-07-26T22:35:50
But I thought she is taking actions against her critics for slandering her.,BqtsIOe04oc,Malaysian woman apologises over video mocking locals in China,Malaysia viral video,2026-07-26T22:35:50
Nobody blame the smell from her head when she didn't wash her hair,BqtsIOe04oc,Malaysian woman apologises over video mocking locals in China,Malaysia viral video,2026-07-26T22:35:50
Besok pikir dulu kalau mau bicara mbk...jateng,BqtsIOe04oc,Malaysian woman apologises over video mocking locals in China,Malaysia viral video,2026-07-26T22:35:50
is common here; criticizing others doesn't make you advance; it's just an act of feeling advantaged.,BqtsIOe04oc,Malaysian woman apologises over video mocking locals in China,Malaysia viral video,2026-07-26T22:35:50
Bengong ni ingat dia wangi sangat 🤔,BqtsIOe04oc,Malaysian woman apologises over video mocking locals in China,Malaysia viral video,2026-07-26T22:35:50
Muka dah laa buruk … perangai also buruk,BqtsIOe04oc,Malaysian woman apologises over video mocking locals in China,Malaysia viral video,2026-07-26T22:35:50
Kurang ajar,BqtsIOe04oc,Malaysian woman apologises over video mocking locals in China,Malaysia viral video,2026-07-26T22:35:50
"Pakailah mask, teruskan percutian tanpa menyentuh sensiviti org lain @ tempat org.. jaga adab dimana pun kt berada.. sentiasa merendah diri dan hurmat budaya org..
Kesilapan ini sangat besar impak pada agama dan negara..sedih dan rasa malu kerana Islam sentiasa mengajar penganutnya beradab dgn sesama..tak apalah semoga kejadian ini jadikan pengajaran kpd kt utk sentiasa merasa diri serba kekurangan, tiada kelebihan pun pd kt berbanding org lain...😢",BqtsIOe04oc,Malaysian woman apologises over video mocking locals in China,Malaysia viral video,2026-07-26T22:35:50
Now siapa yg busuk,BqtsIOe04oc,Malaysian woman apologises over video mocking locals in China,Malaysia viral video,2026-07-26T22:35:50
"She's not Wong, she's wrong.",BqtsIOe04oc,Malaysian woman apologises over video mocking locals in China,Malaysia viral video,2026-07-26T22:35:50
The worlds praise to the Malaydesh that successfully to find any miraculous way making their country more famous 😂😂😂😂,BqtsIOe04oc,Malaysian woman apologises over video mocking locals in China,Malaysia viral video,2026-07-26T22:35:50
the truth mostly they wore these cover up their messy hair and their unpleasant hair smells. they seldom wash their hair and it smells. they say no close contact of their religious but it's actually avoid being smell by others,aDJjsVsvvlo,&#39;Stinky&#39;: Malaysian Tourists Face Backlash After Mocking Chinese Locals | Firstpost America | N18G,Malaysia viral video,2026-07-26T22:35:52
"Consumming too much of herbal contained food & drinks  do give the sweat a  special odour if one is never used to it . Just go to the wild forest &  study the different medicinal plants they have very special scent .  Chinese are very fond of  herbs & spices in their food & drinks , for the elderly they do use often the essential oils of plants  .   We have to live with different way of life  & try not to be too narcissistic .  Strangely one can rarely smell one's body odour  .  People spray perfums over themselves  to disperse their own body smell  .",aDJjsVsvvlo,&#39;Stinky&#39;: Malaysian Tourists Face Backlash After Mocking Chinese Locals | Firstpost America | N18G,Malaysia viral video,2026-07-26T22:35:52
"As a Malaysian citizen, I am very proud that our country has gone viral and become widely known. Long live Malaysia! 🇲🇾",aDJjsVsvvlo,&#39;Stinky&#39;: Malaysian Tourists Face Backlash After Mocking Chinese Locals | Firstpost America | N18G,Malaysia viral video,2026-07-26T22:35:52
Malaydesh malaydesh crazi,aDJjsVsvvlo,&#39;Stinky&#39;: Malaysian Tourists Face Backlash After Mocking Chinese Locals | Firstpost America | N18G,Malaysia viral video,2026-07-26T22:35:52
"I am so sorry but China got a dose of their own medicine,they do the same thing toblack people all the time. The KARMA stinks literally😂😂😂",aDJjsVsvvlo,&#39;Stinky&#39;: Malaysian Tourists Face Backlash After Mocking Chinese Locals | Firstpost America | N18G,Malaysia viral video,2026-07-26T22:35:52
the chinese when they go to Africa they did the same thing to africans. but when others do the same thing to them they can't take it and call it racism.,aDJjsVsvvlo,&#39;Stinky&#39;: Malaysian Tourists Face Backlash After Mocking Chinese Locals | Firstpost America | N18G,Malaysia viral video,2026-07-26T22:35:52
"busuk hati lebih jahat dari busuk badan,yg mengandung kedengkian dan ras dibalik simbol kesucian semu penampilannya.",aDJjsVsvvlo,&#39;Stinky&#39;: Malaysian Tourists Face Backlash After Mocking Chinese Locals | Firstpost America | N18G,Malaysia viral video,2026-07-26T22:35:52
This news commentator sounds odd and strange,aDJjsVsvvlo,&#39;Stinky&#39;: Malaysian Tourists Face Backlash After Mocking Chinese Locals | Firstpost America | N18G,Malaysia viral video,2026-07-26T22:35:52
Macam tak betol malaydes 😛,aDJjsVsvvlo,&#39;Stinky&#39;: Malaysian Tourists Face Backlash After Mocking Chinese Locals | Firstpost America | N18G,Malaysia viral video,2026-07-26T22:35:52
Tahniah malaydesh mendunia 🇲🇾❤️🇧🇩🤣🤣🤣,aDJjsVsvvlo,&#39;Stinky&#39;: Malaysian Tourists Face Backlash After Mocking Chinese Locals | Firstpost America | N18G,Malaysia viral video,2026-07-26T22:35:52
Did anyone hear the comment about using the toilet paper?,aDJjsVsvvlo,&#39;Stinky&#39;: Malaysian Tourists Face Backlash After Mocking Chinese Locals | Firstpost America | N18G,Malaysia viral video,2026-07-26T22:35:52
These Malaysian are also Chinese!,aDJjsVsvvlo,&#39;Stinky&#39;: Malaysian Tourists Face Backlash After Mocking Chinese Locals | Firstpost America | N18G,Malaysia viral video,2026-07-26T22:35:52
"She might smell even worse that the Chinese, but others are polite by not commenting her smell.",aDJjsVsvvlo,&#39;Stinky&#39;: Malaysian Tourists Face Backlash After Mocking Chinese Locals | Firstpost America | N18G,Malaysia viral video,2026-07-26T22:35:52
"What gos around comes around 👍😉They do this all the times to blacks, the same action. They can dish it out but can’t take it when it’s done to them, go figure 😮",aDJjsVsvvlo,&#39;Stinky&#39;: Malaysian Tourists Face Backlash After Mocking Chinese Locals | Firstpost America | N18G,Malaysia viral video,2026-07-26T22:35:52
eehmm gak ada orang indo selain aku,aDJjsVsvvlo,&#39;Stinky&#39;: Malaysian Tourists Face Backlash After Mocking Chinese Locals | Firstpost America | N18G,Malaysia viral video,2026-07-26T22:35:52
👽👽😆😆😨😨😱😱,aDJjsVsvvlo,&#39;Stinky&#39;: Malaysian Tourists Face Backlash After Mocking Chinese Locals | Firstpost America | N18G,Malaysia viral video,2026-07-26T22:35:52
"if they don't like China, Just stay home , don't go there !!!",aDJjsVsvvlo,&#39;Stinky&#39;: Malaysian Tourists Face Backlash After Mocking Chinese Locals | Firstpost America | N18G,Malaysia viral video,2026-07-26T22:35:52
Ive seen similar looking tourists from malaysia in other countries. They always act superior and judgemental. Not sure why they feel they are so great,aDJjsVsvvlo,&#39;Stinky&#39;: Malaysian Tourists Face Backlash After Mocking Chinese Locals | Firstpost America | N18G,Malaysia viral video,2026-07-26T22:35:52
"It is a known scientific fact that the connection between wet ear wax and body odor is well established. Most Africans and Europeans have wet ear wax, whereas East Asians are mostly having dry ear wax. In the case of Malaysia, the majority of Malays and Indians mostly tend to have wet ear wax too. Both traits are linked to the same ABCC11 gene. The wet gene variant is associated with more active apocrine glands, which produces secretion that bacteria break down into body odor. That is why people with body odor use deodorants and perfume to mask the body odor. Even if one takes baths twice a day, he still will have body odor because of having wet ear wax. I am sure these women are ignorant of this fact, that's why they behave so foolishly.",aDJjsVsvvlo,&#39;Stinky&#39;: Malaysian Tourists Face Backlash After Mocking Chinese Locals | Firstpost America | N18G,Malaysia viral video,2026-07-26T22:35:52
Ini katak gila ke?? Macam mana dia boleh jadi polis??,aDJjsVsvvlo,&#39;Stinky&#39;: Malaysian Tourists Face Backlash After Mocking Chinese Locals | Firstpost America | N18G,Malaysia viral video,2026-07-26T22:35:52
Are they Muslims?,aDJjsVsvvlo,&#39;Stinky&#39;: Malaysian Tourists Face Backlash After Mocking Chinese Locals | Firstpost America | N18G,Malaysia viral video,2026-07-26T22:35:52
"Just because they don't shower everyday like the konoha, it doesn't make it okay to film it and post to the internet.",aDJjsVsvvlo,&#39;Stinky&#39;: Malaysian Tourists Face Backlash After Mocking Chinese Locals | Firstpost America | N18G,Malaysia viral video,2026-07-26T22:35:52
I am Malaysian. my sincerest apologies to the local Chinese people. They felt offended by this act. China and the Chinese people must be respected.,aDJjsVsvvlo,&#39;Stinky&#39;: Malaysian Tourists Face Backlash After Mocking Chinese Locals | Firstpost America | N18G,Malaysia viral video,2026-07-26T22:35:52
Bots in Comment section apologizing lmao 😂😂😂😂,aDJjsVsvvlo,&#39;Stinky&#39;: Malaysian Tourists Face Backlash After Mocking Chinese Locals | Firstpost America | N18G,Malaysia viral video,2026-07-26T22:35:52
Chinese and East Asians have near to no body odor while the Malay south East Asian have higher body odour. It’s a science due to genetics.,aDJjsVsvvlo,&#39;Stinky&#39;: Malaysian Tourists Face Backlash After Mocking Chinese Locals | Firstpost America | N18G,Malaysia viral video,2026-07-26T22:35:52
"They have no idea how dangerous this is. There was a time in South Africa on a train, where this was happened. The black guy turned around and started to kiss and fondle her.",aDJjsVsvvlo,&#39;Stinky&#39;: Malaysian Tourists Face Backlash After Mocking Chinese Locals | Firstpost America | N18G,Malaysia viral video,2026-07-26T22:35:52
These brown supremacists r now going global. It's not challenging to shout down to the minorities anymore.,aDJjsVsvvlo,&#39;Stinky&#39;: Malaysian Tourists Face Backlash After Mocking Chinese Locals | Firstpost America | N18G,Malaysia viral video,2026-07-26T22:35:52
"She is a malaysian police woman, what a disgrace to the malaysia government",aDJjsVsvvlo,&#39;Stinky&#39;: Malaysian Tourists Face Backlash After Mocking Chinese Locals | Firstpost America | N18G,Malaysia viral video,2026-07-26T22:35:52
"they (Malay in Malaysia) treat other races such as Chinese, Indians, Bangladeshis and foreign workers from Philippines or Indonesia--very badly .. they think Malay is the super race while the others are animals..",aDJjsVsvvlo,&#39;Stinky&#39;: Malaysian Tourists Face Backlash After Mocking Chinese Locals | Firstpost America | N18G,Malaysia viral video,2026-07-26T22:35:52
如果他们用中文或者是英语说这些话她们现在可能还在医院接受治疗，所以他们说中国人听不懂的马来语。上个月在江苏徐州挑衅闹事的俄罗斯年轻人不知道现在出院了没有,aDJjsVsvvlo,&#39;Stinky&#39;: Malaysian Tourists Face Backlash After Mocking Chinese Locals | Firstpost America | N18G,Malaysia viral video,2026-07-26T22:35:52
And the Chinese dura dura everywhere,aDJjsVsvvlo,&#39;Stinky&#39;: Malaysian Tourists Face Backlash After Mocking Chinese Locals | Firstpost America | N18G,Malaysia viral video,2026-07-26T22:35:52
"I m a Malaysian and i tell you these people can be cery difficult  to be your colleague  too .
If you sprayed yourself with Channel 5 or Dior for pleasant  fragrance ..they can complaint that they cannot breathe alcohol ..",aDJjsVsvvlo,&#39;Stinky&#39;: Malaysian Tourists Face Backlash After Mocking Chinese Locals | Firstpost America | N18G,Malaysia viral video,2026-07-26T22:35:52
"This is the product of years of special treatment and feeling of supremacy over others in Malaysia! Perhaps they may hv done similar stunt to Chinese in Malaysia! Truth is, they are given a life on a silver platter and spoon fed with ""assistance"" from others! They may hv chosen to forget that the Chinese has more than 5000 years of civilisation and culture! They hv gone through numerous wars, dynastic changes, natural disasters and famines! They are a lot tougher than just a stinky body odour!",aDJjsVsvvlo,&#39;Stinky&#39;: Malaysian Tourists Face Backlash After Mocking Chinese Locals | Firstpost America | N18G,Malaysia viral video,2026-07-26T22:35:52
गरीब गंदगी सभी देश में   😅😅 दूसरो की मजाक उड़ाने के पहले  खुद को देखने चाहिए😅😅😅,aDJjsVsvvlo,&#39;Stinky&#39;: Malaysian Tourists Face Backlash After Mocking Chinese Locals | Firstpost America | N18G,Malaysia viral video,2026-07-26T22:35:52
"Kalau aku jumpa diorang ni mmg pelempang dgn ludah aku bg... Bodoh punyer perangai , memalukan... Kaki dalam mulut je mungkin diorang fhm bahasa sikit",aDJjsVsvvlo,&#39;Stinky&#39;: Malaysian Tourists Face Backlash After Mocking Chinese Locals | Firstpost America | N18G,Malaysia viral video,2026-07-26T22:35:52
"ini lah tipikal asli watak orang Malaysia, bahkan selepas British melepaskan Malaysia, Malaysia menuduh dan melabeli British sebagai negara penjajah, sungguh negara Malaysia yang hina dan tidak tahu berterimakasih kepada ayah British. 

Ingat ini baik-baik wahai negara bangsa Malaysia, jika tidak ada ayah British dan negara persekutuan dari ayah British, negara Malaysia kalian tidak akan mampu membendung kekuatan perang konfrontasi dengan Indonesia. 

bahkan dengan melabeli kata serumpun dengan Indonesia, kalian malah mengklaim budaya mereka Indonesia tanpa sepengetahuan mereka sampai-sampai baru-baru ini kalian mendaftarkan: pempek, songket asli dari pulau Sumatera, sungguh bangsa yang tidak tahu diri! 

Ingat ini Malaysia-malayalam malaydesh-malaydeshing, jangan pernah permalukan nama Malayu asli, karena malayu yang asli seperti di Sumatera yang tidak ikut serta bisa jadi terkena sasaran bully.",aDJjsVsvvlo,&#39;Stinky&#39;: Malaysian Tourists Face Backlash After Mocking Chinese Locals | Firstpost America | N18G,Malaysia viral video,2026-07-26T22:35:52
America try to flame china and malaysia fight each other meanwhile they blame china about corn export. The comment many from panjeet land with some random chinesse and malay name,aDJjsVsvvlo,&#39;Stinky&#39;: Malaysian Tourists Face Backlash After Mocking Chinese Locals | Firstpost America | N18G,Malaysia viral video,2026-07-26T22:35:52
"The Chinese does the same thing to Africans , so they get a dose of their own medicine.",aDJjsVsvvlo,&#39;Stinky&#39;: Malaysian Tourists Face Backlash After Mocking Chinese Locals | Firstpost America | N18G,Malaysia viral video,2026-07-26T22:35:52
"💪🏻 I support Malaysians. Don't apologise. Calling a spade, a spade isn't a crime.",aDJjsVsvvlo,&#39;Stinky&#39;: Malaysian Tourists Face Backlash After Mocking Chinese Locals | Firstpost America | N18G,Malaysia viral video,2026-07-26T22:35:52
"Malaysia has Oil, do Uncle Sam knows it?",aDJjsVsvvlo,&#39;Stinky&#39;: Malaysian Tourists Face Backlash After Mocking Chinese Locals | Firstpost America | N18G,Malaysia viral video,2026-07-26T22:35:52
😂😂😂😂😂😂,aDJjsVsvvlo,&#39;Stinky&#39;: Malaysian Tourists Face Backlash After Mocking Chinese Locals | Firstpost America | N18G,Malaysia viral video,2026-07-26T22:35:52
Sibuk je hal Kito USA ada bom diam je,aDJjsVsvvlo,&#39;Stinky&#39;: Malaysian Tourists Face Backlash After Mocking Chinese Locals | Firstpost America | N18G,Malaysia viral video,2026-07-26T22:35:52
She's right Chinise smells so bad... I don't know why I think they don't bath.....,aDJjsVsvvlo,&#39;Stinky&#39;: Malaysian Tourists Face Backlash After Mocking Chinese Locals | Firstpost America | N18G,Malaysia viral video,2026-07-26T22:35:52
"Aduhh negara malaysia yang ade tokoh 2 yang dah harumkan negara,tapi bile ade toksik mcmni busuk nama malaysia...",aDJjsVsvvlo,&#39;Stinky&#39;: Malaysian Tourists Face Backlash After Mocking Chinese Locals | Firstpost America | N18G,Malaysia viral video,2026-07-26T22:35:52
I feel bad and sad for Malay Chinese who likely get similar treatments at home because they are ethically Chinese and not muslims.,aDJjsVsvvlo,&#39;Stinky&#39;: Malaysian Tourists Face Backlash After Mocking Chinese Locals | Firstpost America | N18G,Malaysia viral video,2026-07-26T22:35:52
Kalau bau pun buat konten kenapa minus akal x pernah mkn penampar mcm tu lah perangai,aDJjsVsvvlo,&#39;Stinky&#39;: Malaysian Tourists Face Backlash After Mocking Chinese Locals | Firstpost America | N18G,Malaysia viral video,2026-07-26T22:35:52
Aib Asean 😂😂😂,aDJjsVsvvlo,&#39;Stinky&#39;: Malaysian Tourists Face Backlash After Mocking Chinese Locals | Firstpost America | N18G,Malaysia viral video,2026-07-26T22:35:52
Muka cam nk kena penampar sumpahla,aDJjsVsvvlo,&#39;Stinky&#39;: Malaysian Tourists Face Backlash After Mocking Chinese Locals | Firstpost America | N18G,Malaysia viral video,2026-07-26T22:35:52
Malay Malaysia) supermacy,aDJjsVsvvlo,&#39;Stinky&#39;: Malaysian Tourists Face Backlash After Mocking Chinese Locals | Firstpost America | N18G,Malaysia viral video,2026-07-26T22:35:52
"This kind of behavior suggests that the person is likely someone who is often subjected to unpleasant experiences from Chinese tourists or similar groups.
These actions cannot be justified without considering their context; they must be condemned without understanding the underlying reasons.
I often think about words like discrimination and distinction, and I believe that sometimes, in severe cases, distinction is necessary.
For example, in my home country, there are many Chinese people who commit a lot of crime and have bad manners, but not all of them are like that.
What emotions would you feel in a situation like this?
In my case, the conclusion was to distance myself from them and avoid contact as much as possible.
Because once they get fired up, they become uncontrollable.
I understand why Malaysians might feel compelled to act that way, so I have mixed feelings about it.😅",aDJjsVsvvlo,&#39;Stinky&#39;: Malaysian Tourists Face Backlash After Mocking Chinese Locals | Firstpost America | N18G,Malaysia viral video,2026-07-26T22:35:52
"I'm from Malaysia, and this has been my personal experience. Some Malays I've encountered mock other races and religions. Living next to certain Malay neighbors can be very difficult—they can make life so stressful that people end up moving away. It's a very bad attitude..",aDJjsVsvvlo,&#39;Stinky&#39;: Malaysian Tourists Face Backlash After Mocking Chinese Locals | Firstpost America | N18G,Malaysia viral video,2026-07-26T22:35:52
"Irony is .. for the record, SEA body odor is higher than East Asian.",aDJjsVsvvlo,&#39;Stinky&#39;: Malaysian Tourists Face Backlash After Mocking Chinese Locals | Firstpost America | N18G,Malaysia viral video,2026-07-26T22:35:52
But what about the millions of horrible chinese tourists in other country? Its called mirror treatment,aDJjsVsvvlo,&#39;Stinky&#39;: Malaysian Tourists Face Backlash After Mocking Chinese Locals | Firstpost America | N18G,Malaysia viral video,2026-07-26T22:35:52
Well karma is a bitch😂,aDJjsVsvvlo,&#39;Stinky&#39;: Malaysian Tourists Face Backlash After Mocking Chinese Locals | Firstpost America | N18G,Malaysia viral video,2026-07-26T22:35:52
these few are exceptions... malaysian in general are courteous and friendly... the threat to sue was emboldened     by the few laughters from her similarly uncouth friends...,aDJjsVsvvlo,&#39;Stinky&#39;: Malaysian Tourists Face Backlash After Mocking Chinese Locals | Firstpost America | N18G,Malaysia viral video,2026-07-26T22:35:52
No self-awareness. Obvious lack of social etiquette. No sellf-respect.  No respect for others. Arrogant and lacking of humility.,aDJjsVsvvlo,&#39;Stinky&#39;: Malaysian Tourists Face Backlash After Mocking Chinese Locals | Firstpost America | N18G,Malaysia viral video,2026-07-26T22:35:52
"let us respect the science: google ABCC11 of DNA, u will get the answer.",aDJjsVsvvlo,&#39;Stinky&#39;: Malaysian Tourists Face Backlash After Mocking Chinese Locals | Firstpost America | N18G,Malaysia viral video,2026-07-26T22:35:52
Whatever what can I think of people who eat insects snake and lizards as snacks,aDJjsVsvvlo,&#39;Stinky&#39;: Malaysian Tourists Face Backlash After Mocking Chinese Locals | Firstpost America | N18G,Malaysia viral video,2026-07-26T22:35:52
"I mean, it's a fact that they stink tho. The lady could have pointed it out nicer but i guess she has no respect to PRCs cause when they come to Msia, they don't respect us either, and actually do far worse. And they even do it to Africans. So it's hard for me to sympathize with the PRCs. It's different if the lady does this in Japan cause Japanese people don't do disrespectful things in Malaysia. 
So, i guess what goes around comes around.",aDJjsVsvvlo,&#39;Stinky&#39;: Malaysian Tourists Face Backlash After Mocking Chinese Locals | Firstpost America | N18G,Malaysia viral video,2026-07-26T22:35:52
"I am sure the PRCs will do the same too, who are to judge what happened at that moment",aDJjsVsvvlo,&#39;Stinky&#39;: Malaysian Tourists Face Backlash After Mocking Chinese Locals | Firstpost America | N18G,Malaysia viral video,2026-07-26T22:35:52
"First of all, they wanna show - off their stereotyping about Chinese ( they never bathe in the morning routine & being full of voice up noise to entertain).

Secondly, you can't do that in Malaysia or in front of Malaysian Chinese (due to understand their national language)

Thirdly, they are also the ones that travel to China and use TikTok, mocking around way more noisy than the one in local.

What an amazing idea to travel ehhh.... 
bringing the mentality of mindset.

Here if you are curious about traditional culture;
1. Chinese don't bathe in the early morning without the sun fully rising up , to avoid catching asthmatic. Because China had winter that's why we don't bathe without the sun to warm. In Malaysia, we Chinese bath once the sun is fully raised and warm the ""Chi"", others had technology and used a shower heater.

2. Chinese are very vocal people, because when we speak in Chinese we hold one breath to finish up a speech in a sentence (basically we don't breathe at all when we talk) yup, asked you friends who do speaking in Chinese is a breath holding language, that's why we used the top of the lungs to talk",aDJjsVsvvlo,&#39;Stinky&#39;: Malaysian Tourists Face Backlash After Mocking Chinese Locals | Firstpost America | N18G,Malaysia viral video,2026-07-26T22:35:52
"All Chinese-made goods have a porky smell and contain pig's blood. If you have a prejudice against Chinese people or Chinese products, then don't use Chinese products. Hopefully, you won't disappoint me.",aDJjsVsvvlo,&#39;Stinky&#39;: Malaysian Tourists Face Backlash After Mocking Chinese Locals | Firstpost America | N18G,Malaysia viral video,2026-07-26T22:35:52
People don't know China was poor country till 1980s....the real history of china is not communist....real china history is only hidden by communist party....china made deal with devil America to supply cheap labour and cheap products to America and America will fund and develop the china for free ..... LoL 😂🤪,aDJjsVsvvlo,&#39;Stinky&#39;: Malaysian Tourists Face Backlash After Mocking Chinese Locals | Firstpost America | N18G,Malaysia viral video,2026-07-26T22:35:52
The malays mostly are like this. They brought this attitude out along with them because they are getting used to insult the minority chinese there without any backlashes and they thought there can do the same aprund the world. Malaysian Chinese are welcomed all over the world and malays are mostly despised wherever they go because of they stone age bully mentality.,aDJjsVsvvlo,&#39;Stinky&#39;: Malaysian Tourists Face Backlash After Mocking Chinese Locals | Firstpost America | N18G,Malaysia viral video,2026-07-26T22:35:52
"Whose sweat has no smell? Please..., cast the 1st mockery and insult!
😇",aDJjsVsvvlo,&#39;Stinky&#39;: Malaysian Tourists Face Backlash After Mocking Chinese Locals | Firstpost America | N18G,Malaysia viral video,2026-07-26T22:35:52
Comment section ramai Indon komen konon2 orang Msia.. 😂😂,aDJjsVsvvlo,&#39;Stinky&#39;: Malaysian Tourists Face Backlash After Mocking Chinese Locals | Firstpost America | N18G,Malaysia viral video,2026-07-26T22:35:52
"most people around the world just shower right before going to bed and that's about it. a huge chunk of them don't even use deodorant nor perfume. not just chinese but european as well. i'd been there so i know. the smell was.... 😅they embrace human's natural scent i guess

in south east asia, people tend to sweat a lot, so we shower quite often. just because we know that we would smell bad if we don't shower. the keyword here is ""we know"". 

but she was wrong for doing that. it is one thing to talk sh*t about them behind their back, but to record and mock them right to their faces? that is just not nice.",aDJjsVsvvlo,&#39;Stinky&#39;: Malaysian Tourists Face Backlash After Mocking Chinese Locals | Firstpost America | N18G,Malaysia viral video,2026-07-26T22:35:52
They calling out the facts,aDJjsVsvvlo,&#39;Stinky&#39;: Malaysian Tourists Face Backlash After Mocking Chinese Locals | Firstpost America | N18G,Malaysia viral video,2026-07-26T22:35:52
"As an Indonesian, I deeply regret and apologize for that. It's hard to believe that there are ASEAN people who behave like this. We are taught at home not to disrespect others. If you don't agree with the aroma, why visit? If you are a guest, you shouldn't disrespect the host, right? If you want to be respected, you must respect others first.",aDJjsVsvvlo,&#39;Stinky&#39;: Malaysian Tourists Face Backlash After Mocking Chinese Locals | Firstpost America | N18G,Malaysia viral video,2026-07-26T22:35:52
Malaydesh mendonia😂,aDJjsVsvvlo,&#39;Stinky&#39;: Malaysian Tourists Face Backlash After Mocking Chinese Locals | Firstpost America | N18G,Malaysia viral video,2026-07-26T22:35:52
"Why wipe with barehands when you could have use tissues and water? Also, is that the only thing these people are so proud of? Why not use hand gloves, as your hands might stinks! 

Mocking others “smelly” in their others country, shows how insensitive and arrogant they are.",aDJjsVsvvlo,&#39;Stinky&#39;: Malaysian Tourists Face Backlash After Mocking Chinese Locals | Firstpost America | N18G,Malaysia viral video,2026-07-26T22:35:52
"She is in the wrong, and she has apologised, let go la, fokus at straits of hormuz...",aDJjsVsvvlo,&#39;Stinky&#39;: Malaysian Tourists Face Backlash After Mocking Chinese Locals | Firstpost America | N18G,Malaysia viral video,2026-07-26T22:35:52
"tahniah, malaydesh mendonia 😂",aDJjsVsvvlo,&#39;Stinky&#39;: Malaysian Tourists Face Backlash After Mocking Chinese Locals | Firstpost America | N18G,Malaysia viral video,2026-07-26T22:35:52
This is just the issue of kettle says pot black !,aDJjsVsvvlo,&#39;Stinky&#39;: Malaysian Tourists Face Backlash After Mocking Chinese Locals | Firstpost America | N18G,Malaysia viral video,2026-07-26T22:35:52
Should banned worldwide,aDJjsVsvvlo,&#39;Stinky&#39;: Malaysian Tourists Face Backlash After Mocking Chinese Locals | Firstpost America | N18G,Malaysia viral video,2026-07-26T22:35:52
The same people who can't take criticism about their country,aDJjsVsvvlo,&#39;Stinky&#39;: Malaysian Tourists Face Backlash After Mocking Chinese Locals | Firstpost America | N18G,Malaysia viral video,2026-07-26T22:35:52
Excited lebih mulut pun tak boleh control macam kau wangi sangat jaga la adab dan jaga mulut nasib lah tak jadi apa² dah la merantau kat negara orang bawa la adab kita orang Malaysia. Mulut tanda insurance bangga ke buat gitu? 😂,aDJjsVsvvlo,&#39;Stinky&#39;: Malaysian Tourists Face Backlash After Mocking Chinese Locals | Firstpost America | N18G,Malaysia viral video,2026-07-26T22:35:52
Spreading the culture,aDJjsVsvvlo,&#39;Stinky&#39;: Malaysian Tourists Face Backlash After Mocking Chinese Locals | Firstpost America | N18G,Malaysia viral video,2026-07-26T22:35:52
"... As a Malaysian, they could have just worn a scented face mask. You're visiting someone else's home ground. Don't travel then if you're gonna be rude.",aDJjsVsvvlo,&#39;Stinky&#39;: Malaysian Tourists Face Backlash After Mocking Chinese Locals | Firstpost America | N18G,Malaysia viral video,2026-07-26T22:35:52
Chinese get same medicine and cry you say to us,aDJjsVsvvlo,&#39;Stinky&#39;: Malaysian Tourists Face Backlash After Mocking Chinese Locals | Firstpost America | N18G,Malaysia viral video,2026-07-26T22:35:52
"Whose even insulting,  Malaysian 😂
Never thought that coming.",aDJjsVsvvlo,&#39;Stinky&#39;: Malaysian Tourists Face Backlash After Mocking Chinese Locals | Firstpost America | N18G,Malaysia viral video,2026-07-26T22:35:52
They did good,aDJjsVsvvlo,&#39;Stinky&#39;: Malaysian Tourists Face Backlash After Mocking Chinese Locals | Firstpost America | N18G,Malaysia viral video,2026-07-26T22:35:52
這種人不是壞就好超級壞 故意造謠抹黑,aDJjsVsvvlo,&#39;Stinky&#39;: Malaysian Tourists Face Backlash After Mocking Chinese Locals | Firstpost America | N18G,Malaysia viral video,2026-07-26T22:35:52
Malaysians?! 😂,aDJjsVsvvlo,&#39;Stinky&#39;: Malaysian Tourists Face Backlash After Mocking Chinese Locals | Firstpost America | N18G,Malaysia viral video,2026-07-26T22:35:52
Malaysia berulah lagi dulu menghina Indonesia sekarang China 😅😌,aDJjsVsvvlo,&#39;Stinky&#39;: Malaysian Tourists Face Backlash After Mocking Chinese Locals | Firstpost America | N18G,Malaysia viral video,2026-07-26T22:35:52
Famous now!...International joker😂,aDJjsVsvvlo,&#39;Stinky&#39;: Malaysian Tourists Face Backlash After Mocking Chinese Locals | Firstpost America | N18G,Malaysia viral video,2026-07-26T22:35:52
"The mere fact that China has allowed them to travel with less restrictions is already a form of ""respect"", however this malaysian tourists forgot to place ""respect"" inside their luggages before they left their own country. 😢",aDJjsVsvvlo,&#39;Stinky&#39;: Malaysian Tourists Face Backlash After Mocking Chinese Locals | Firstpost America | N18G,Malaysia viral video,2026-07-26T22:35:52
Sometimes we have ulamak that  make we delete the post..sometimes because have things we cannot read what will happening ..for this moment by only this issue you covering so the answer from the people msia do that is delete,aDJjsVsvvlo,&#39;Stinky&#39;: Malaysian Tourists Face Backlash After Mocking Chinese Locals | Firstpost America | N18G,Malaysia viral video,2026-07-26T22:35:52
Macam x sekolah je diorg nih...,aDJjsVsvvlo,&#39;Stinky&#39;: Malaysian Tourists Face Backlash After Mocking Chinese Locals | Firstpost America | N18G,Malaysia viral video,2026-07-26T22:35:52
"Apologise? Too little, too late! The whole world knows!",aDJjsVsvvlo,&#39;Stinky&#39;: Malaysian Tourists Face Backlash After Mocking Chinese Locals | Firstpost America | N18G,Malaysia viral video,2026-07-26T22:35:52
Cheap publicity 😂😂😂,aDJjsVsvvlo,&#39;Stinky&#39;: Malaysian Tourists Face Backlash After Mocking Chinese Locals | Firstpost America | N18G,Malaysia viral video,2026-07-26T22:35:52
"You Southeast Asians, including Malaysians like Chinese and Korean artists, say you look like monkeys because your body is brownish, don't you think? But Malaysians say Chinese people smell as if Malaysians are perfect 😔🥱😭",aDJjsVsvvlo,&#39;Stinky&#39;: Malaysian Tourists Face Backlash After Mocking Chinese Locals | Firstpost America | N18G,Malaysia viral video,2026-07-26T22:35:52
"hahahahahaha Malaysdesh ada aja gebrekan dunia nya, kmaren kasus pemain bola ilegal sekarang kelakuan turis nya....hahahahah memalukan",aDJjsVsvvlo,&#39;Stinky&#39;: Malaysian Tourists Face Backlash After Mocking Chinese Locals | Firstpost America | N18G,Malaysia viral video,2026-07-26T22:35:52
"I mean, it is what it is. When someone mentioned that our airport toilets are wet, well, I used to go to China, and the toilets there are dry but so stinky! That comes from the rubbish bins being full of toilet paper with poop stains, period stains, and pee. LIKE, WTF? WHERE IS YOUR HYGIENE, BRUH? JUST WASH IT, AND THEN WASH YOUR HANDS. I'm always curious: what about your period pads? They're just thrown away, and you just wipe your parts with tissues?",aDJjsVsvvlo,&#39;Stinky&#39;: Malaysian Tourists Face Backlash After Mocking Chinese Locals | Firstpost America | N18G,Malaysia viral video,2026-07-26T22:35:52
Lol....... This is something Jonny Somali couldn't do archive just day one 😅,aDJjsVsvvlo,&#39;Stinky&#39;: Malaysian Tourists Face Backlash After Mocking Chinese Locals | Firstpost America | N18G,Malaysia viral video,2026-07-26T22:35:52
I thought malaysia are “Sopan santun” 😂😂😂😂😂😂,aDJjsVsvvlo,&#39;Stinky&#39;: Malaysian Tourists Face Backlash After Mocking Chinese Locals | Firstpost America | N18G,Malaysia viral video,2026-07-26T22:35:52
See.... Now you got what you want.... Wanna be famous here you are... 😂😂😂😂,aDJjsVsvvlo,&#39;Stinky&#39;: Malaysian Tourists Face Backlash After Mocking Chinese Locals | Firstpost America | N18G,Malaysia viral video,2026-07-26T22:35:52
"It's true, Chinese people don't use deodorant",aDJjsVsvvlo,&#39;Stinky&#39;: Malaysian Tourists Face Backlash After Mocking Chinese Locals | Firstpost America | N18G,Malaysia viral video,2026-07-26T22:35:52
They didn't even try to do shit,59EN46R2ibg,Video of Pakistani detainee escaping from Malaysian jail during transfer goes viral,Malaysia viral video,2026-07-26T22:35:54
Sack Menteri KDN,59EN46R2ibg,Video of Pakistani detainee escaping from Malaysian jail during transfer goes viral,Malaysia viral video,2026-07-26T22:35:54
surprised,59EN46R2ibg,Video of Pakistani detainee escaping from Malaysian jail during transfer goes viral,Malaysia viral video,2026-07-26T22:35:54
SEEMS LIKE A SCAM,59EN46R2ibg,Video of Pakistani detainee escaping from Malaysian jail during transfer goes viral,Malaysia viral video,2026-07-26T22:35:54
as usual,59EN46R2ibg,Video of Pakistani detainee escaping from Malaysian jail during transfer goes viral,Malaysia viral video,2026-07-26T22:35:54
He bribed them so get a few minutes to run before being chase.,59EN46R2ibg,Video of Pakistani detainee escaping from Malaysian jail during transfer goes viral,Malaysia viral video,2026-07-26T22:35:54
"The best title is ""A few seconds after""",59EN46R2ibg,Video of Pakistani detainee escaping from Malaysian jail during transfer goes viral,Malaysia viral video,2026-07-26T22:35:54
Siasat & hukum jika ada (polis) yg makan rasuah.,59EN46R2ibg,Video of Pakistani detainee escaping from Malaysian jail during transfer goes viral,Malaysia viral video,2026-07-26T22:35:54
SOP. Stand. Observe. Putter.,59EN46R2ibg,Video of Pakistani detainee escaping from Malaysian jail during transfer goes viral,Malaysia viral video,2026-07-26T22:35:54
😡😡😡😡,59EN46R2ibg,Video of Pakistani detainee escaping from Malaysian jail during transfer goes viral,Malaysia viral video,2026-07-26T22:35:54
Negligence on the escorting officers part...with charges like sexual assault and other immigration violations makes one wonder why on earth wasn't him handcuffed. A painful lesson for those officers as they have to face the music now that the clip has gone viral....the suspect is desperate and still at large and he could do more harm to the public while still on the run.....am sure the SOP of transferring suspects or accused persons need to be reviewed......,59EN46R2ibg,Video of Pakistani detainee escaping from Malaysian jail during transfer goes viral,Malaysia viral video,2026-07-26T22:35:54
No leg cuffs and handcuffs??,59EN46R2ibg,Video of Pakistani detainee escaping from Malaysian jail during transfer goes viral,Malaysia viral video,2026-07-26T22:35:54
Officers took 3 business days to react,59EN46R2ibg,Video of Pakistani detainee escaping from Malaysian jail during transfer goes viral,Malaysia viral video,2026-07-26T22:35:54
Ibu bapa jaga jaga child sex offender on loose,59EN46R2ibg,Video of Pakistani detainee escaping from Malaysian jail during transfer goes viral,Malaysia viral video,2026-07-26T22:35:54
What on earth were the officers doing?,59EN46R2ibg,Video of Pakistani detainee escaping from Malaysian jail during transfer goes viral,Malaysia viral video,2026-07-26T22:35:54
Kenapa pindah open area.very suspicious.ini sop polis ke?,59EN46R2ibg,Video of Pakistani detainee escaping from Malaysian jail during transfer goes viral,Malaysia viral video,2026-07-26T22:35:54
No protocols and security measures in place.Very sad.,59EN46R2ibg,Video of Pakistani detainee escaping from Malaysian jail during transfer goes viral,Malaysia viral video,2026-07-26T22:35:54
Smooth escape 😂😂😂😂😂😂,59EN46R2ibg,Video of Pakistani detainee escaping from Malaysian jail during transfer goes viral,Malaysia viral video,2026-07-26T22:35:54
Don't ever swim across to Singapore. Because you will be caught way before you reach the shoreline. 😅,59EN46R2ibg,Video of Pakistani detainee escaping from Malaysian jail during transfer goes viral,Malaysia viral video,2026-07-26T22:35:54
kelemahan polis madani la,59EN46R2ibg,Video of Pakistani detainee escaping from Malaysian jail during transfer goes viral,Malaysia viral video,2026-07-26T22:35:54
"Check if he is hiding in India, Modi also assisted Sheikh Hasina to hide and stay in India.",59EN46R2ibg,Video of Pakistani detainee escaping from Malaysian jail during transfer goes viral,Malaysia viral video,2026-07-26T22:35:54
sloppy police procedures.,59EN46R2ibg,Video of Pakistani detainee escaping from Malaysian jail during transfer goes viral,Malaysia viral video,2026-07-26T22:35:54
"ni masa minyak nak penuh dlm tank dia .tak sempat penuh 100 dia



 terus unplung pam",j2OFYUGjf08,viral malaysia | Cuci tangan di stesen minyak ke?,Malaysia viral video,2026-07-26T22:35:55
"Nak tukar tajuk tuu 😂😂😂 
main naratif tabung  haji 
nak samarkan isu KWAP 😂😂",xVLGMLgz404,"[BERITA PANAS] Umno ‘tak senang’ cadangan Hamzah, Hassan dalam zon bahaya?, Akmal cabar Anwar isu TH",berita Malaysia terkini,2026-07-26T22:35:56
Jangan ditutup rm163 juta yg kena songlap dgn keuntungan bersih. Akan datang yg bersih kena sapu bersih. Buat siasatan siapa yg sapu rm163 juta... Bangkai gajah tak boleh ditutup dgn dulang... Ada faham???.,xVLGMLgz404,"[BERITA PANAS] Umno ‘tak senang’ cadangan Hamzah, Hassan dalam zon bahaya?, Akmal cabar Anwar isu TH",berita Malaysia terkini,2026-07-26T22:35:56
MP Hassan Karim seorg sahaja yg berani bersuara dlm Kerajaan MADANI...MP2 kerajaan yg lain semua x ada telor....,xVLGMLgz404,"[BERITA PANAS] Umno ‘tak senang’ cadangan Hamzah, Hassan dalam zon bahaya?, Akmal cabar Anwar isu TH",berita Malaysia terkini,2026-07-26T22:35:56
Sikit Pon Kami tak pecaya,xVLGMLgz404,"[BERITA PANAS] Umno ‘tak senang’ cadangan Hamzah, Hassan dalam zon bahaya?, Akmal cabar Anwar isu TH",berita Malaysia terkini,2026-07-26T22:35:56
Patut la....,xVLGMLgz404,"[BERITA PANAS] Umno ‘tak senang’ cadangan Hamzah, Hassan dalam zon bahaya?, Akmal cabar Anwar isu TH",berita Malaysia terkini,2026-07-26T22:35:56
"Scammer mmg bijak, dia org x ada perkara lain nk difikirkn.hnya fikir bagai mana hendak succes menipu??? Jdi seketat apa pun prosedur sesebuah sykt itu pasti ada ruang utk scammer menipu. Masyaallah tuhan yg menentukn segala2 nya.tiada siapa yg mampu melawan takdir allah.  Terpulang kpd pehak prmbngkng yg bijak ugama utk menuduh pmx sakau wang kwap atau terima hakikat dan ketentuan allah yg maha kuasa, penyata kewangan kwap telah menunjukn keuntungan yg maha dahsyat. Kalau ada sebrang penelewrngan sudah tentu kwap mncatatkn kerugian sepanjang tahun, mana mugkin sebuah sykt pelaburan yg diselewengkn mencatat keuntungan besar.",xVLGMLgz404,"[BERITA PANAS] Umno ‘tak senang’ cadangan Hamzah, Hassan dalam zon bahaya?, Akmal cabar Anwar isu TH",berita Malaysia terkini,2026-07-26T22:35:56
KWAP rugi RM 163 juta je?,xVLGMLgz404,"[BERITA PANAS] Umno ‘tak senang’ cadangan Hamzah, Hassan dalam zon bahaya?, Akmal cabar Anwar isu TH",berita Malaysia terkini,2026-07-26T22:35:56
Point to point question/ answer la jangan pusing jauh2 !😂😂😂,xVLGMLgz404,"[BERITA PANAS] Umno ‘tak senang’ cadangan Hamzah, Hassan dalam zon bahaya?, Akmal cabar Anwar isu TH",berita Malaysia terkini,2026-07-26T22:35:56
Mcm gampang dia spin..teliti Pala butoo,xVLGMLgz404,"[BERITA PANAS] Umno ‘tak senang’ cadangan Hamzah, Hassan dalam zon bahaya?, Akmal cabar Anwar isu TH",berita Malaysia terkini,2026-07-26T22:35:56
"Jgn tutup tutup lh,... Hangus kena sakau sbb Kerajaan bodoh pegang",xVLGMLgz404,"[BERITA PANAS] Umno ‘tak senang’ cadangan Hamzah, Hassan dalam zon bahaya?, Akmal cabar Anwar isu TH",berita Malaysia terkini,2026-07-26T22:35:56
Hassan Karim berani kerana benar tentang Anwar Ibrahim . Syabas.❤,xVLGMLgz404,"[BERITA PANAS] Umno ‘tak senang’ cadangan Hamzah, Hassan dalam zon bahaya?, Akmal cabar Anwar isu TH",berita Malaysia terkini,2026-07-26T22:35:56
hoiii anuar kauu mmg bagang laaa.. raayat nk tahu kerugian dlm pelaboran Wang KWAP... nk tahu siapa yg bersalah menguruskn kewangan KWAP..jgn cerita keuntunggan.. cerita kerugian.kau cakap kena scammm..mmg menteri kewangan pengarah KWAP bagangggggg.. tk tahu buat kena Wang KWAP kena sakau...mmg haramjadah poiiiiii,xVLGMLgz404,"[BERITA PANAS] Umno ‘tak senang’ cadangan Hamzah, Hassan dalam zon bahaya?, Akmal cabar Anwar isu TH",berita Malaysia terkini,2026-07-26T22:35:56
Ph lagi tak bole pakai..macam sual,xVLGMLgz404,"[BERITA PANAS] Umno ‘tak senang’ cadangan Hamzah, Hassan dalam zon bahaya?, Akmal cabar Anwar isu TH",berita Malaysia terkini,2026-07-26T22:35:56
"Tipu tipu tipu, kalau dah asyik menipu bolih kah percaya kpd org yg suka menipu",xVLGMLgz404,"[BERITA PANAS] Umno ‘tak senang’ cadangan Hamzah, Hassan dalam zon bahaya?, Akmal cabar Anwar isu TH",berita Malaysia terkini,2026-07-26T22:35:56
"Melayu sakau Melayu la
HALAL!!!
😂😂😂😂😂😂😂",xVLGMLgz404,"[BERITA PANAS] Umno ‘tak senang’ cadangan Hamzah, Hassan dalam zon bahaya?, Akmal cabar Anwar isu TH",berita Malaysia terkini,2026-07-26T22:35:56
Mantap Malaysia gimana dgn NKRI jadi macan Ompong takut sama DONALD Bebek,YUSjPT5Vsco,"PM Malaysia Tak Takut Ancaman AS, Tetap Akan Usir Warga Israel dari Malaysia | Sindo Prime | 24/07",berita Malaysia terkini,2026-07-26T22:35:57
halah pak yusril pidatonya udah jlas😂 malaysia singapor mau kutuk2 ga bkl ngaruh tp klo indo pasti ditarget karena banyak incaran sumberdaya alamnya😂😂😂😂,YUSjPT5Vsco,"PM Malaysia Tak Takut Ancaman AS, Tetap Akan Usir Warga Israel dari Malaysia | Sindo Prime | 24/07",berita Malaysia terkini,2026-07-26T22:35:57
Hebat malaysia❤,YUSjPT5Vsco,"PM Malaysia Tak Takut Ancaman AS, Tetap Akan Usir Warga Israel dari Malaysia | Sindo Prime | 24/07",berita Malaysia terkini,2026-07-26T22:35:57
Good job malaysia.  Free palestina,YUSjPT5Vsco,"PM Malaysia Tak Takut Ancaman AS, Tetap Akan Usir Warga Israel dari Malaysia | Sindo Prime | 24/07",berita Malaysia terkini,2026-07-26T22:35:57
Malaysia jauh lebih bagus drpd indonesia,YUSjPT5Vsco,"PM Malaysia Tak Takut Ancaman AS, Tetap Akan Usir Warga Israel dari Malaysia | Sindo Prime | 24/07",berita Malaysia terkini,2026-07-26T22:35:57
Latian terus .juara zongk,YUSjPT5Vsco,"PM Malaysia Tak Takut Ancaman AS, Tetap Akan Usir Warga Israel dari Malaysia | Sindo Prime | 24/07",berita Malaysia terkini,2026-07-26T22:35:57
Malaydesh cari penyakit 😂😂 nanti juga nangis ngemis ke AS minta ampun 😂😂,YUSjPT5Vsco,"PM Malaysia Tak Takut Ancaman AS, Tetap Akan Usir Warga Israel dari Malaysia | Sindo Prime | 24/07",berita Malaysia terkini,2026-07-26T22:35:57
"Yg takut malah konoha,
bersikap ambigu kalau urusan isrewel. 😤",YUSjPT5Vsco,"PM Malaysia Tak Takut Ancaman AS, Tetap Akan Usir Warga Israel dari Malaysia | Sindo Prime | 24/07",berita Malaysia terkini,2026-07-26T22:35:57
Awas desh jangan plin-plan.,YUSjPT5Vsco,"PM Malaysia Tak Takut Ancaman AS, Tetap Akan Usir Warga Israel dari Malaysia | Sindo Prime | 24/07",berita Malaysia terkini,2026-07-26T22:35:57
Subhanallah...smg sehat sell bpk Anwar .,YUSjPT5Vsco,"PM Malaysia Tak Takut Ancaman AS, Tetap Akan Usir Warga Israel dari Malaysia | Sindo Prime | 24/07",berita Malaysia terkini,2026-07-26T22:35:57
"gila Keren Malaysia 
Macan ASEAN",YUSjPT5Vsco,"PM Malaysia Tak Takut Ancaman AS, Tetap Akan Usir Warga Israel dari Malaysia | Sindo Prime | 24/07",berita Malaysia terkini,2026-07-26T22:35:57
Bagaimana dengan Indonesia katanya macam asia  saya takjub dengan Malaysia berani bertindak,YUSjPT5Vsco,"PM Malaysia Tak Takut Ancaman AS, Tetap Akan Usir Warga Israel dari Malaysia | Sindo Prime | 24/07",berita Malaysia terkini,2026-07-26T22:35:57
Anerica oasti ajan balas dendam kebusuka pemimpin malaysia,YUSjPT5Vsco,"PM Malaysia Tak Takut Ancaman AS, Tetap Akan Usir Warga Israel dari Malaysia | Sindo Prime | 24/07",berita Malaysia terkini,2026-07-26T22:35:57
di konoha pasti disambut😂,YUSjPT5Vsco,"PM Malaysia Tak Takut Ancaman AS, Tetap Akan Usir Warga Israel dari Malaysia | Sindo Prime | 24/07",berita Malaysia terkini,2026-07-26T22:35:57
Mantap Malaysia berani,YUSjPT5Vsco,"PM Malaysia Tak Takut Ancaman AS, Tetap Akan Usir Warga Israel dari Malaysia | Sindo Prime | 24/07",berita Malaysia terkini,2026-07-26T22:35:57
manteb manteb,YUSjPT5Vsco,"PM Malaysia Tak Takut Ancaman AS, Tetap Akan Usir Warga Israel dari Malaysia | Sindo Prime | 24/07",berita Malaysia terkini,2026-07-26T22:35:57
Kalau Malaysia mengusir warga Israel usir ke Indonesia sebab Prabowo gibran mengalualukan rakyat Israel duduk di indonesia,YUSjPT5Vsco,"PM Malaysia Tak Takut Ancaman AS, Tetap Akan Usir Warga Israel dari Malaysia | Sindo Prime | 24/07",berita Malaysia terkini,2026-07-26T22:35:57
mantap Malaysia 👍👍,YUSjPT5Vsco,"PM Malaysia Tak Takut Ancaman AS, Tetap Akan Usir Warga Israel dari Malaysia | Sindo Prime | 24/07",berita Malaysia terkini,2026-07-26T22:35:57
bagus pak  usir orang israel,YUSjPT5Vsco,"PM Malaysia Tak Takut Ancaman AS, Tetap Akan Usir Warga Israel dari Malaysia | Sindo Prime | 24/07",berita Malaysia terkini,2026-07-26T22:35:57
Sepakat Anwar ibrahim ambil garis yg jelas.,YUSjPT5Vsco,"PM Malaysia Tak Takut Ancaman AS, Tetap Akan Usir Warga Israel dari Malaysia | Sindo Prime | 24/07",berita Malaysia terkini,2026-07-26T22:35:57
Allah bless you Malaysia ! Setan bersama kaum banci penakut yaitu para  pendukung  zionis Israel,YUSjPT5Vsco,"PM Malaysia Tak Takut Ancaman AS, Tetap Akan Usir Warga Israel dari Malaysia | Sindo Prime | 24/07",berita Malaysia terkini,2026-07-26T22:35:57
Anti antek asing tetapi ciut hanya diancam Trump pajak impor 😅😅,YUSjPT5Vsco,"PM Malaysia Tak Takut Ancaman AS, Tetap Akan Usir Warga Israel dari Malaysia | Sindo Prime | 24/07",berita Malaysia terkini,2026-07-26T22:35:57
Alkhamdulillah masih ada  negara yg masih peduli dengan kedamaian dunia,YUSjPT5Vsco,"PM Malaysia Tak Takut Ancaman AS, Tetap Akan Usir Warga Israel dari Malaysia | Sindo Prime | 24/07",berita Malaysia terkini,2026-07-26T22:35:57
"Malaysia top bnget,negara macan melayu .",YUSjPT5Vsco,"PM Malaysia Tak Takut Ancaman AS, Tetap Akan Usir Warga Israel dari Malaysia | Sindo Prime | 24/07",berita Malaysia terkini,2026-07-26T22:35:57
"Nanti warga israel seperti warga bangladesh yg menguasai wilayah Malaysia.
😂😂😂😂😂😂😂😂😂😂",YUSjPT5Vsco,"PM Malaysia Tak Takut Ancaman AS, Tetap Akan Usir Warga Israel dari Malaysia | Sindo Prime | 24/07",berita Malaysia terkini,2026-07-26T22:35:57
luar biasa datuk anwar  👍👍👍👍👍👍👍,YUSjPT5Vsco,"PM Malaysia Tak Takut Ancaman AS, Tetap Akan Usir Warga Israel dari Malaysia | Sindo Prime | 24/07",berita Malaysia terkini,2026-07-26T22:35:57
"Kata presedin prabowo yang penting bisa ""Makan"" anak anak butuh makan",YUSjPT5Vsco,"PM Malaysia Tak Takut Ancaman AS, Tetap Akan Usir Warga Israel dari Malaysia | Sindo Prime | 24/07",berita Malaysia terkini,2026-07-26T22:35:57
Musuh ASEAN yg sebenar ya ..adlh Amerika dan Israil ..cmn negara arap .negara bodoh sekongkol ma iblis fir'aonnn😮😮😮😮,YUSjPT5Vsco,"PM Malaysia Tak Takut Ancaman AS, Tetap Akan Usir Warga Israel dari Malaysia | Sindo Prime | 24/07",berita Malaysia terkini,2026-07-26T22:35:57
"Semoga Israel dan Amerika tidak diam atas hal tersebut.
Hati-hati dengan negara yang satu ini.",YUSjPT5Vsco,"PM Malaysia Tak Takut Ancaman AS, Tetap Akan Usir Warga Israel dari Malaysia | Sindo Prime | 24/07",berita Malaysia terkini,2026-07-26T22:35:57
Higgs Games Island dari Negara Malaysia meresahkan warga Indonesia dijadikan bahan Penipuan lewat operator Judi Online.,YUSjPT5Vsco,"PM Malaysia Tak Takut Ancaman AS, Tetap Akan Usir Warga Israel dari Malaysia | Sindo Prime | 24/07",berita Malaysia terkini,2026-07-26T22:35:57
"Ayo Amerika Israel lenyapkan negara Narkoba dan sarang Judi online Higgs Games Island.
Indonesia dijadikan bahan penipuan habis2an, banyak orang Indonesia yang jadi korban di negara itu.",YUSjPT5Vsco,"PM Malaysia Tak Takut Ancaman AS, Tetap Akan Usir Warga Israel dari Malaysia | Sindo Prime | 24/07",berita Malaysia terkini,2026-07-26T22:35:57
"Gak gebrak2 mejaa 😅😅😅Hay atek2 asing,,,, Malaysia hebat",YUSjPT5Vsco,"PM Malaysia Tak Takut Ancaman AS, Tetap Akan Usir Warga Israel dari Malaysia | Sindo Prime | 24/07",berita Malaysia terkini,2026-07-26T22:35:57
S777,YUSjPT5Vsco,"PM Malaysia Tak Takut Ancaman AS, Tetap Akan Usir Warga Israel dari Malaysia | Sindo Prime | 24/07",berita Malaysia terkini,2026-07-26T22:35:57
"Mampus  Malaysia. Di ancam. AS.
Waktu itu  kibarkan bendera Israel  sekarang. Orang. Israel di usir.",YUSjPT5Vsco,"PM Malaysia Tak Takut Ancaman AS, Tetap Akan Usir Warga Israel dari Malaysia | Sindo Prime | 24/07",berita Malaysia terkini,2026-07-26T22:35:57
Palingan gimmick doang Anwar maklum Malaysia sedang pemilu logika aja kenapa baru sekarang 😂,YUSjPT5Vsco,"PM Malaysia Tak Takut Ancaman AS, Tetap Akan Usir Warga Israel dari Malaysia | Sindo Prime | 24/07",berita Malaysia terkini,2026-07-26T22:35:57
Jangan kasih ruang buat 🇮🇱 penjajah Palestine,YUSjPT5Vsco,"PM Malaysia Tak Takut Ancaman AS, Tetap Akan Usir Warga Israel dari Malaysia | Sindo Prime | 24/07",berita Malaysia terkini,2026-07-26T22:35:57
Malaysia tidak bersahabat dengan Israel tapi Indonesia satu grup dengan Israel-AS.,YUSjPT5Vsco,"PM Malaysia Tak Takut Ancaman AS, Tetap Akan Usir Warga Israel dari Malaysia | Sindo Prime | 24/07",berita Malaysia terkini,2026-07-26T22:35:57
asean harus bersatu melawan As,YUSjPT5Vsco,"PM Malaysia Tak Takut Ancaman AS, Tetap Akan Usir Warga Israel dari Malaysia | Sindo Prime | 24/07",berita Malaysia terkini,2026-07-26T22:35:57
Anwar Ibrahim kan dulu di kabarin GAY. Apakah masih GAY skarang setelah perdana Mentri.  Kurang tau.,YUSjPT5Vsco,"PM Malaysia Tak Takut Ancaman AS, Tetap Akan Usir Warga Israel dari Malaysia | Sindo Prime | 24/07",berita Malaysia terkini,2026-07-26T22:35:57
sekalian USIR semua orang yang beragama yahudi,YUSjPT5Vsco,"PM Malaysia Tak Takut Ancaman AS, Tetap Akan Usir Warga Israel dari Malaysia | Sindo Prime | 24/07",berita Malaysia terkini,2026-07-26T22:35:57
"Malesia  hebat ❤
Tidak seperti  negara  sebelah
Korupsinya  yg hebat",YUSjPT5Vsco,"PM Malaysia Tak Takut Ancaman AS, Tetap Akan Usir Warga Israel dari Malaysia | Sindo Prime | 24/07",berita Malaysia terkini,2026-07-26T22:35:57
Malaysia memang punya pendirian yg kokoh....gk seperti konoha...,YUSjPT5Vsco,"PM Malaysia Tak Takut Ancaman AS, Tetap Akan Usir Warga Israel dari Malaysia | Sindo Prime | 24/07",berita Malaysia terkini,2026-07-26T22:35:57
"😂😂😂😂WOIIIII ANWAR IBRAHIM,, GAK ADA PENGARUHNYA BAGI ISRAEL KLO ANDA MENGUSIR WARGANYA",YUSjPT5Vsco,"PM Malaysia Tak Takut Ancaman AS, Tetap Akan Usir Warga Israel dari Malaysia | Sindo Prime | 24/07",berita Malaysia terkini,2026-07-26T22:35:57
"Ternyata pemimpin Malaysia jauh lebih punya nyali dari pada Pemimpin Indonesia tentang sikapnya terhadap as dan Israel ,👍",YUSjPT5Vsco,"PM Malaysia Tak Takut Ancaman AS, Tetap Akan Usir Warga Israel dari Malaysia | Sindo Prime | 24/07",berita Malaysia terkini,2026-07-26T22:35:57
Malaysia ga banyak omong lgs sikat,YUSjPT5Vsco,"PM Malaysia Tak Takut Ancaman AS, Tetap Akan Usir Warga Israel dari Malaysia | Sindo Prime | 24/07",berita Malaysia terkini,2026-07-26T22:35:57
"Malaysia lebih terhormat, bernyali daripada Konoha",YUSjPT5Vsco,"PM Malaysia Tak Takut Ancaman AS, Tetap Akan Usir Warga Israel dari Malaysia | Sindo Prime | 24/07",berita Malaysia terkini,2026-07-26T22:35:57
"mengapa keberanian pemimpin Malaysia, integritas pemimpin Singapura lebih membuatku kagum ketimbang pidato berapi2 seorang lansia sambil teriak2 dan gebrak meja...",YUSjPT5Vsco,"PM Malaysia Tak Takut Ancaman AS, Tetap Akan Usir Warga Israel dari Malaysia | Sindo Prime | 24/07",berita Malaysia terkini,2026-07-26T22:35:57
Malaysia amazing 👍✍️,YUSjPT5Vsco,"PM Malaysia Tak Takut Ancaman AS, Tetap Akan Usir Warga Israel dari Malaysia | Sindo Prime | 24/07",berita Malaysia terkini,2026-07-26T22:35:57
Salut dengan Malaysia. Tidak perlu berkoar anti antek-antek asing,YUSjPT5Vsco,"PM Malaysia Tak Takut Ancaman AS, Tetap Akan Usir Warga Israel dari Malaysia | Sindo Prime | 24/07",berita Malaysia terkini,2026-07-26T22:35:57
kapan indo nyusul jangan penakut pejabat Konoha,YUSjPT5Vsco,"PM Malaysia Tak Takut Ancaman AS, Tetap Akan Usir Warga Israel dari Malaysia | Sindo Prime | 24/07",berita Malaysia terkini,2026-07-26T22:35:57
"JGN berurusan DGN Amerika...

Apa pun itu,

Biarkan mereka hidup berdua Saja DGN isriwil",YUSjPT5Vsco,"PM Malaysia Tak Takut Ancaman AS, Tetap Akan Usir Warga Israel dari Malaysia | Sindo Prime | 24/07",berita Malaysia terkini,2026-07-26T22:35:57
"Org Melayu hebat,berani,tegas",YUSjPT5Vsco,"PM Malaysia Tak Takut Ancaman AS, Tetap Akan Usir Warga Israel dari Malaysia | Sindo Prime | 24/07",berita Malaysia terkini,2026-07-26T22:35:57
Ini Baru kereen dan Berdaulat mantap sauadara serumpun Malaysia salam dari warga Indonesia yang masih waras👍💚,YUSjPT5Vsco,"PM Malaysia Tak Takut Ancaman AS, Tetap Akan Usir Warga Israel dari Malaysia | Sindo Prime | 24/07",berita Malaysia terkini,2026-07-26T22:35:57
Bravo Malaysia... Kapan Indonesia berani mengusir wn isrewel dari Indonesia.,YUSjPT5Vsco,"PM Malaysia Tak Takut Ancaman AS, Tetap Akan Usir Warga Israel dari Malaysia | Sindo Prime | 24/07",berita Malaysia terkini,2026-07-26T22:35:57
Suporter 100% untuk Malaysia usir warga Israel,YUSjPT5Vsco,"PM Malaysia Tak Takut Ancaman AS, Tetap Akan Usir Warga Israel dari Malaysia | Sindo Prime | 24/07",berita Malaysia terkini,2026-07-26T22:35:57
Alhamdulillah,YUSjPT5Vsco,"PM Malaysia Tak Takut Ancaman AS, Tetap Akan Usir Warga Israel dari Malaysia | Sindo Prime | 24/07",berita Malaysia terkini,2026-07-26T22:35:57
Malaysia 👍👍👍,YUSjPT5Vsco,"PM Malaysia Tak Takut Ancaman AS, Tetap Akan Usir Warga Israel dari Malaysia | Sindo Prime | 24/07",berita Malaysia terkini,2026-07-26T22:35:57
"Mantaaap Malaysia, rakyat Indonesia mendukung pengusiran warga Israel dari Malaysia",YUSjPT5Vsco,"PM Malaysia Tak Takut Ancaman AS, Tetap Akan Usir Warga Israel dari Malaysia | Sindo Prime | 24/07",berita Malaysia terkini,2026-07-26T22:35:57
"😂😂 liat cepat atau lambat imbasnya bakal ke Asean 
Seharusnya ga usah di informasikan soal itu
Karna America sedang panas panasnya yang ada malah makin buruk karna pernyataan Anwar itu
Semua negara juga menolak Israel 
Tak perlu di umbar umbar apa LG sampe ke US kan malah jadi rumit
Klo berkata membela falestina 
Setidaknya jngn pasok dana ke Israel untuk membeli senjata
Itu yng bilang JARJIRAH ARAB SENDIRI ..
 😂😂😂😂

Konyol",YUSjPT5Vsco,"PM Malaysia Tak Takut Ancaman AS, Tetap Akan Usir Warga Israel dari Malaysia | Sindo Prime | 24/07",berita Malaysia terkini,2026-07-26T22:35:57
Negara terbesar dia sia tenggara malu,YUSjPT5Vsco,"PM Malaysia Tak Takut Ancaman AS, Tetap Akan Usir Warga Israel dari Malaysia | Sindo Prime | 24/07",berita Malaysia terkini,2026-07-26T22:35:57
❤jos,YUSjPT5Vsco,"PM Malaysia Tak Takut Ancaman AS, Tetap Akan Usir Warga Israel dari Malaysia | Sindo Prime | 24/07",berita Malaysia terkini,2026-07-26T22:35:57
salah...yg harus diganyang itu pemerintahnya...bukan rakyatnya melarikan diri karena wajib militer untuk agresi,YUSjPT5Vsco,"PM Malaysia Tak Takut Ancaman AS, Tetap Akan Usir Warga Israel dari Malaysia | Sindo Prime | 24/07",berita Malaysia terkini,2026-07-26T22:35:57
GOOD MALAYSIA...👍🏻👍🏻👍🏻,YUSjPT5Vsco,"PM Malaysia Tak Takut Ancaman AS, Tetap Akan Usir Warga Israel dari Malaysia | Sindo Prime | 24/07",berita Malaysia terkini,2026-07-26T22:35:57
GOOD...MALAYSIA,YUSjPT5Vsco,"PM Malaysia Tak Takut Ancaman AS, Tetap Akan Usir Warga Israel dari Malaysia | Sindo Prime | 24/07",berita Malaysia terkini,2026-07-26T22:35:57
Bukan masalah takut tapi bodoh,YUSjPT5Vsco,"PM Malaysia Tak Takut Ancaman AS, Tetap Akan Usir Warga Israel dari Malaysia | Sindo Prime | 24/07",berita Malaysia terkini,2026-07-26T22:35:57
"Kalo dikonoha presidennya:

""Kita harus menjamin keamanan Israel""...

🖕🖕🖕",YUSjPT5Vsco,"PM Malaysia Tak Takut Ancaman AS, Tetap Akan Usir Warga Israel dari Malaysia | Sindo Prime | 24/07",berita Malaysia terkini,2026-07-26T22:35:57
"Ayo lawan America 🇲🇾

✊✊✊✊",YUSjPT5Vsco,"PM Malaysia Tak Takut Ancaman AS, Tetap Akan Usir Warga Israel dari Malaysia | Sindo Prime | 24/07",berita Malaysia terkini,2026-07-26T22:35:57
Prinsip👍,YUSjPT5Vsco,"PM Malaysia Tak Takut Ancaman AS, Tetap Akan Usir Warga Israel dari Malaysia | Sindo Prime | 24/07",berita Malaysia terkini,2026-07-26T22:35:57
😂😂.,YUSjPT5Vsco,"PM Malaysia Tak Takut Ancaman AS, Tetap Akan Usir Warga Israel dari Malaysia | Sindo Prime | 24/07",berita Malaysia terkini,2026-07-26T22:35:57
mantaf Malaysia kasitau Amerika warga Israel harus keluar dari negara Malaysia,YUSjPT5Vsco,"PM Malaysia Tak Takut Ancaman AS, Tetap Akan Usir Warga Israel dari Malaysia | Sindo Prime | 24/07",berita Malaysia terkini,2026-07-26T22:35:57
Pasport Malaysia Sydah Tertulis....Semua Negara Rakyat Malaysia Boleh Pergi...Kecuali Israel...!!....,YUSjPT5Vsco,"PM Malaysia Tak Takut Ancaman AS, Tetap Akan Usir Warga Israel dari Malaysia | Sindo Prime | 24/07",berita Malaysia terkini,2026-07-26T22:35:57
Usir juga penjajah zionis Israel dari bumi Palestina agar Timur Tengah aman dan damai,YUSjPT5Vsco,"PM Malaysia Tak Takut Ancaman AS, Tetap Akan Usir Warga Israel dari Malaysia | Sindo Prime | 24/07",berita Malaysia terkini,2026-07-26T22:35:57
Negara kecil belagu 😂😂,YUSjPT5Vsco,"PM Malaysia Tak Takut Ancaman AS, Tetap Akan Usir Warga Israel dari Malaysia | Sindo Prime | 24/07",berita Malaysia terkini,2026-07-26T22:35:57
Top malasia,YUSjPT5Vsco,"PM Malaysia Tak Takut Ancaman AS, Tetap Akan Usir Warga Israel dari Malaysia | Sindo Prime | 24/07",berita Malaysia terkini,2026-07-26T22:35:57
Puak hanyut dengan Konoha memang macam2 masalah..dari dok tempat depa..sampai dok sini(Malaysia).tak pernah habis dengan masalah..,uSrwSCHeASg,"Insiden Kem Hobart: Tuas Keselamatan Grenad Terlepas Dipercayai Punca | Buletin Utama, 24 Julai 2026",berita Malaysia terkini,2026-07-26T22:35:59
Semoga ditempatkan dikalangan yg beriman.Amin,uSrwSCHeASg,"Insiden Kem Hobart: Tuas Keselamatan Grenad Terlepas Dipercayai Punca | Buletin Utama, 24 Julai 2026",berita Malaysia terkini,2026-07-26T22:35:59
nie lah budak² sekarang nie .... terlampau Samsung dan sekolah tida ada kawalan yg seketat ketat nya nie lah yg jadi,uSrwSCHeASg,"Insiden Kem Hobart: Tuas Keselamatan Grenad Terlepas Dipercayai Punca | Buletin Utama, 24 Julai 2026",berita Malaysia terkini,2026-07-26T22:35:59
Bangladesh ja ke kena dakwa makamah.lpas tu yg pmandu mabuk tu tda bicara makamah ke,uSrwSCHeASg,"Insiden Kem Hobart: Tuas Keselamatan Grenad Terlepas Dipercayai Punca | Buletin Utama, 24 Julai 2026",berita Malaysia terkini,2026-07-26T22:35:59
"Zati Nizam
🩵🩵🩵🩵
🤍🤍🤍🤍
😍😍😍😍",uSrwSCHeASg,"Insiden Kem Hobart: Tuas Keselamatan Grenad Terlepas Dipercayai Punca | Buletin Utama, 24 Julai 2026",berita Malaysia terkini,2026-07-26T22:35:59
Sekarang .k L bila hujan je banjir .dulu mana ada banjir sangat zaman 90an .buat bangunan merata tempat .tapi peparitan.tak ada .lama2 bangunan pun boleh runtuh ..fikif2 kan lah..,c-d2zAoku6E,"Cucu Perempuan 2 Tahun Maut Dilanggar Lori Dipandu Datuk | Buletin Utama, 23 Julai 2026",berita Malaysia terkini,2026-07-26T22:36:00
Dahulu tuduh 1mdb sekarang dah terkena diri sendiri isu Kwap🤦‍♀️,c-d2zAoku6E,"Cucu Perempuan 2 Tahun Maut Dilanggar Lori Dipandu Datuk | Buletin Utama, 23 Julai 2026",berita Malaysia terkini,2026-07-26T22:36:00
Habis lah duit TH kena jamah lagi🤦‍♀️,c-d2zAoku6E,"Cucu Perempuan 2 Tahun Maut Dilanggar Lori Dipandu Datuk | Buletin Utama, 23 Julai 2026",berita Malaysia terkini,2026-07-26T22:36:00
"rci china punye compeni, itu lh negara yg. suka menciplak brg2 yg ORIGNAL  NEGARA lain,dan yg membezakanye adalah kualitinya. jadi sebab rci tiada kena mengena dgn rakyat MALAYSIA. bagi aku kalo negara China tidak melabur dinegara MALAYSIA. tidak menjadi kudis. jadi KEDAULATAN NEGARA MALAYSIA. tiada sesiapa @ mna2 pihak berani2 cuba @ ingin dipolitik kan. alang2 mandi biar basah' jual @ tidak jual sekali pun' tetap beli'. DAULAT TUANKU.",c-d2zAoku6E,"Cucu Perempuan 2 Tahun Maut Dilanggar Lori Dipandu Datuk | Buletin Utama, 23 Julai 2026",berita Malaysia terkini,2026-07-26T22:36:00
"SURUHANJAYA SIASATAN DI RAJA memang yg paling merbahaya team2 @ anggota nya.tiada politik2 didalam BADAN SURUHANJAYA SIASATAN DI RAJA. jika hal yg melibatkan KEDAULATAN NEGARA sebelum ini banyak agensi badan kerajaan dan rakyat yg tutup mata pekak telinga,dan ada pula banyak badan kerajaan dan rakyat takut bersuara. TIGER'S@HARIMAU YG BERTUAN KAN KEBENARAN setiap ANGGOTA2 NYE. sedangkan naga tidak layak untuk bersuara.ini kan pula (sang kancil yg sentiasa) diterkam   (lalu dipasung,kerana ingin menyasikan kebijaksanaan dan kehebatan nye ). LAMBANG KEMEGAHAN NEGARA MALAYSIA ADALAH HARIMAU @ TIGER'S YG MENJADI SIMBOL.",c-d2zAoku6E,"Cucu Perempuan 2 Tahun Maut Dilanggar Lori Dipandu Datuk | Buletin Utama, 23 Julai 2026",berita Malaysia terkini,2026-07-26T22:36:00
bila ada perang dunia,c-d2zAoku6E,"Cucu Perempuan 2 Tahun Maut Dilanggar Lori Dipandu Datuk | Buletin Utama, 23 Julai 2026",berita Malaysia terkini,2026-07-26T22:36:00
"Guna bom kenapa ek ? Guna snorkeling dan bawa pi la pisau habuan sembelih .. haha jangan tembak sahaja membuatkan ikan itu tidak mati malah terseksa dimana kalau kita angkat tak masukkan dalam peti ais , ia akan membusuk dan meletup itu juga dikira menyiksa ..",c-d2zAoku6E,"Cucu Perempuan 2 Tahun Maut Dilanggar Lori Dipandu Datuk | Buletin Utama, 23 Julai 2026",berita Malaysia terkini,2026-07-26T22:36:00
"15:25 Hino Super Dolphin Profia Teravie ABS (1998)
Model: KC-FN2PWEA
Engine: P11C
Convert 8x4 12 Wheeler
(Original 6x2 8 Wheeler)",c-d2zAoku6E,"Cucu Perempuan 2 Tahun Maut Dilanggar Lori Dipandu Datuk | Buletin Utama, 23 Julai 2026",berita Malaysia terkini,2026-07-26T22:36:00
SERAWAK MERDEKA!,FCNP9ee6CrU,"[TERKINI] Gempa bumi di utara Sumatera, gegaran turut dirasai di Malaysia",berita Malaysia terkini,2026-07-26T22:36:01
SABAH MERDEKA!,FCNP9ee6CrU,"[TERKINI] Gempa bumi di utara Sumatera, gegaran turut dirasai di Malaysia",berita Malaysia terkini,2026-07-26T22:36:01
bina lagi patung terbesar....jangan aja dilaknat tuhan....,FCNP9ee6CrU,"[TERKINI] Gempa bumi di utara Sumatera, gegaran turut dirasai di Malaysia",berita Malaysia terkini,2026-07-26T22:36:01
saya disumtra perbatasan aceh terasa keras goncangannya tapi tidak lama cuma 1 menit aja,FCNP9ee6CrU,"[TERKINI] Gempa bumi di utara Sumatera, gegaran turut dirasai di Malaysia",berita Malaysia terkini,2026-07-26T22:36:01
That fake,FCNP9ee6CrU,"[TERKINI] Gempa bumi di utara Sumatera, gegaran turut dirasai di Malaysia",berita Malaysia terkini,2026-07-26T22:36:01
akan datang maha musibah alam d tahun depan,FCNP9ee6CrU,"[TERKINI] Gempa bumi di utara Sumatera, gegaran turut dirasai di Malaysia",berita Malaysia terkini,2026-07-26T22:36:01
Bangunan pejabat kami 6 tingkat tu pun bergoyang. Bangunan tinggi yang kat tepi tepi laut ni entah bagaimana rasa bergegar. Takut tadi hampir 4 ke 5 kali,FCNP9ee6CrU,"[TERKINI] Gempa bumi di utara Sumatera, gegaran turut dirasai di Malaysia",berita Malaysia terkini,2026-07-26T22:36:01
"Mantap...kalau perlu gempa seluruh dunia..
😎",FCNP9ee6CrU,"[TERKINI] Gempa bumi di utara Sumatera, gegaran turut dirasai di Malaysia",berita Malaysia terkini,2026-07-26T22:36:01
Makanya matahari langsung condong ke selatan,FCNP9ee6CrU,"[TERKINI] Gempa bumi di utara Sumatera, gegaran turut dirasai di Malaysia",berita Malaysia terkini,2026-07-26T22:36:01
Baru lagi,FCNP9ee6CrU,"[TERKINI] Gempa bumi di utara Sumatera, gegaran turut dirasai di Malaysia",berita Malaysia terkini,2026-07-26T22:36:01
Haa .  Datang tsunami ratakan penempatan warga asing!,FCNP9ee6CrU,"[TERKINI] Gempa bumi di utara Sumatera, gegaran turut dirasai di Malaysia",berita Malaysia terkini,2026-07-26T22:36:01
"Astaghfiruloh ada apa dengan aceh...
Astaghfiruloh",FCNP9ee6CrU,"[TERKINI] Gempa bumi di utara Sumatera, gegaran turut dirasai di Malaysia",berita Malaysia terkini,2026-07-26T22:36:01
"± 7 yrs to KERAJAAN SERIBU TAHUN.

Gempa bumi penyakit cuaca buruk perang tandanya.",FCNP9ee6CrU,"[TERKINI] Gempa bumi di utara Sumatera, gegaran turut dirasai di Malaysia",berita Malaysia terkini,2026-07-26T22:36:01
😮😮😮😮😮😮😮😮😮😮😮😮😮😮😮😮😮😮😮😮😮😮😮😮😮😮😮😮😮😮😮😮😮😮😮😮😮😮😮😮😮😮😮😮😮😮😮😮,FCNP9ee6CrU,"[TERKINI] Gempa bumi di utara Sumatera, gegaran turut dirasai di Malaysia",berita Malaysia terkini,2026-07-26T22:36:01
Semoga klopun gempa tsunami nya nerjang ke Malaysia saja.,FCNP9ee6CrU,"[TERKINI] Gempa bumi di utara Sumatera, gegaran turut dirasai di Malaysia",berita Malaysia terkini,2026-07-26T22:36:01
ACEH MERDEKA!,FCNP9ee6CrU,"[TERKINI] Gempa bumi di utara Sumatera, gegaran turut dirasai di Malaysia",berita Malaysia terkini,2026-07-26T22:36:01
PAPUA MERDEKA !,FCNP9ee6CrU,"[TERKINI] Gempa bumi di utara Sumatera, gegaran turut dirasai di Malaysia",berita Malaysia terkini,2026-07-26T22:36:01
"retak nye mendatar,semenanjung jadi pulau la.",FCNP9ee6CrU,"[TERKINI] Gempa bumi di utara Sumatera, gegaran turut dirasai di Malaysia",berita Malaysia terkini,2026-07-26T22:36:01
Malaysia manusia sibukk huru hara Allah petik sikit je tu😂😂😂😂😂,FCNP9ee6CrU,"[TERKINI] Gempa bumi di utara Sumatera, gegaran turut dirasai di Malaysia",berita Malaysia terkini,2026-07-26T22:36:01
allah hukum negara islam,FCNP9ee6CrU,"[TERKINI] Gempa bumi di utara Sumatera, gegaran turut dirasai di Malaysia",berita Malaysia terkini,2026-07-26T22:36:01
Ok kita rakyat Malaysia kita lihat apa tindakan Prabowo dgn menteri nya menguruskan rakyat nya di timpa musibah...😅,FCNP9ee6CrU,"[TERKINI] Gempa bumi di utara Sumatera, gegaran turut dirasai di Malaysia",berita Malaysia terkini,2026-07-26T22:36:01
Pemerintah iND0NESIA sudah beri kemudahan bagi siapa yang mau jadi warga Indonesia harus bayar untuk jadi warga Indonesia .  Kemudahan yang di sedia kan oleh pemerintah iND0NESIA sengat berguna bagi R0HINGYA . Segera hantar SEMUA R0HINGYA yg ada kat Malaysia ni ke iND0NESIA . SEMUA  R0HINGYA wajib daftar jdi warga Indonesia secepat nya . .,FCNP9ee6CrU,"[TERKINI] Gempa bumi di utara Sumatera, gegaran turut dirasai di Malaysia",berita Malaysia terkini,2026-07-26T22:36:01
ALHAMDULILLAH ANUGERAH ALLAH.... APA XNYA SEBAGAI PERINGATAN PD    MEREKA YANG  SUKA GEGAR KAN PENTAS POLITIK NEGARA,FCNP9ee6CrU,"[TERKINI] Gempa bumi di utara Sumatera, gegaran turut dirasai di Malaysia",berita Malaysia terkini,2026-07-26T22:36:01
Nanti kejadian 2004 terulang lagi di Acheh.,FCNP9ee6CrU,"[TERKINI] Gempa bumi di utara Sumatera, gegaran turut dirasai di Malaysia",berita Malaysia terkini,2026-07-26T22:36:01
Acheh LG ke,FCNP9ee6CrU,"[TERKINI] Gempa bumi di utara Sumatera, gegaran turut dirasai di Malaysia",berita Malaysia terkini,2026-07-26T22:36:01
byk menyusahkan la indon nie...,FCNP9ee6CrU,"[TERKINI] Gempa bumi di utara Sumatera, gegaran turut dirasai di Malaysia",berita Malaysia terkini,2026-07-26T22:36:01
Ketar ketir indianesia🇮🇩🇮🇳🤣,FCNP9ee6CrU,"[TERKINI] Gempa bumi di utara Sumatera, gegaran turut dirasai di Malaysia",berita Malaysia terkini,2026-07-26T22:36:01
5.7.. Rasa tak ada tsunami..,FCNP9ee6CrU,"[TERKINI] Gempa bumi di utara Sumatera, gegaran turut dirasai di Malaysia",berita Malaysia terkini,2026-07-26T22:36:01
Teringat peristiwa tahun 2004,FCNP9ee6CrU,"[TERKINI] Gempa bumi di utara Sumatera, gegaran turut dirasai di Malaysia",berita Malaysia terkini,2026-07-26T22:36:01
Tsunami,FCNP9ee6CrU,"[TERKINI] Gempa bumi di utara Sumatera, gegaran turut dirasai di Malaysia",berita Malaysia terkini,2026-07-26T22:36:01
wyg ja tu,6sMpNw9VkMI,"RENTASAN 1840 | PANAS!! AMARAN PMX BUAT ZAHID HAMIDI, JANGAN PUTUS KAWAN?",Malaysia politik,2026-07-26T22:36:03
Lagi cepat PAS Dan Umno bergabong lagi lagi ramai orang Melayu Di sesatkan Dua Parti ini .Perbuatan pemimpin politik seperti ini memang halalkan cara untuk kepentingan perut mereka sendiri 😮😮😮,6sMpNw9VkMI,"RENTASAN 1840 | PANAS!! AMARAN PMX BUAT ZAHID HAMIDI, JANGAN PUTUS KAWAN?",Malaysia politik,2026-07-26T22:36:03
Habislah wak zahid menanti untuk masuk sungai buluh,6sMpNw9VkMI,"RENTASAN 1840 | PANAS!! AMARAN PMX BUAT ZAHID HAMIDI, JANGAN PUTUS KAWAN?",Malaysia politik,2026-07-26T22:36:03
"Keluarkan BN dari kerajaan perpaduan..
Biar lebih stabil...",6sMpNw9VkMI,"RENTASAN 1840 | PANAS!! AMARAN PMX BUAT ZAHID HAMIDI, JANGAN PUTUS KAWAN?",Malaysia politik,2026-07-26T22:36:03
Dalam sebuah drama ada permulaan (beginning) dan penamatan (end).,6sMpNw9VkMI,"RENTASAN 1840 | PANAS!! AMARAN PMX BUAT ZAHID HAMIDI, JANGAN PUTUS KAWAN?",Malaysia politik,2026-07-26T22:36:03
"Alhamdulillah syukur
Terbaik PMX",6sMpNw9VkMI,"RENTASAN 1840 | PANAS!! AMARAN PMX BUAT ZAHID HAMIDI, JANGAN PUTUS KAWAN?",Malaysia politik,2026-07-26T22:36:03
Pbt dan Mb johor tidak peka sekolah israel d johor konon2 pelabor luar negara bertapak negara jiran,6sMpNw9VkMI,"RENTASAN 1840 | PANAS!! AMARAN PMX BUAT ZAHID HAMIDI, JANGAN PUTUS KAWAN?",Malaysia politik,2026-07-26T22:36:03
Dengan adanya penyatuan BN BARISAN NASIONAL PAS ini secepatnya ph dap terus tersungkur dan menyunkur seterusnya aaminn,6sMpNw9VkMI,"RENTASAN 1840 | PANAS!! AMARAN PMX BUAT ZAHID HAMIDI, JANGAN PUTUS KAWAN?",Malaysia politik,2026-07-26T22:36:03
Ph menyunkur dan terus tersungkur aaminn,6sMpNw9VkMI,"RENTASAN 1840 | PANAS!! AMARAN PMX BUAT ZAHID HAMIDI, JANGAN PUTUS KAWAN?",Malaysia politik,2026-07-26T22:36:03
Nampak sangat ph terdesak,6sMpNw9VkMI,"RENTASAN 1840 | PANAS!! AMARAN PMX BUAT ZAHID HAMIDI, JANGAN PUTUS KAWAN?",Malaysia politik,2026-07-26T22:36:03
"Hahahahahaha....
Bodoh bodoh bolehland...

Isreal bom Palestine tak kasi masuk... 
USA bom Iran... Kenapa tak sekat?

Isreal pengebom jahat &
USA pengebom baik?

HAHAHAHAHAHAHAHAHA",6sMpNw9VkMI,"RENTASAN 1840 | PANAS!! AMARAN PMX BUAT ZAHID HAMIDI, JANGAN PUTUS KAWAN?",Malaysia politik,2026-07-26T22:36:03
Guru  dan  murid  berpisah  tiada ..,6sMpNw9VkMI,"RENTASAN 1840 | PANAS!! AMARAN PMX BUAT ZAHID HAMIDI, JANGAN PUTUS KAWAN?",Malaysia politik,2026-07-26T22:36:03
"kalau hang yang manipulasi plak mcm mna?
sama macam kes masa PKP dlu...",TNPFoB1Yem0,"Jangan cuba pesongkan fakta sejarah, sedia saman - Sanusi",Malaysia politik,2026-07-26T22:36:06
Terbaik sanusi,TNPFoB1Yem0,"Jangan cuba pesongkan fakta sejarah, sedia saman - Sanusi",Malaysia politik,2026-07-26T22:36:06
Akhir zaman ni mcm2 umat Islam yang sekongkol dgn puak2 yang jahanamkan dunia,TNPFoB1Yem0,"Jangan cuba pesongkan fakta sejarah, sedia saman - Sanusi",Malaysia politik,2026-07-26T22:36:06
KAMI RAKYAT N9 AKAN PASTIKAN UMNOBN MENANG DI SEMUA 25 KERUSI YG UMNOBN BERTANDING....KAMI AKAN BENAMKAN PUAK2 LOBAI PASPN PHDAP,TNPFoB1Yem0,"Jangan cuba pesongkan fakta sejarah, sedia saman - Sanusi",Malaysia politik,2026-07-26T22:36:06
"Jangan lupa orang Melayu, Cina, India dan orang asli dari Sabah dan Sarawak telah MENCAPAI MERDEKA sejak dari tahun 1957. Syukurlah orang Eropah tidak boleh menjajah Malaysia lagi.",TNPFoB1Yem0,"Jangan cuba pesongkan fakta sejarah, sedia saman - Sanusi",Malaysia politik,2026-07-26T22:36:06
Sejarah hadi awang ponteng kelas hang kalut saman jgn tk saman,TNPFoB1Yem0,"Jangan cuba pesongkan fakta sejarah, sedia saman - Sanusi",Malaysia politik,2026-07-26T22:36:06
Benda kecik nk besarkan,TNPFoB1Yem0,"Jangan cuba pesongkan fakta sejarah, sedia saman - Sanusi",Malaysia politik,2026-07-26T22:36:06
"MANA SAYA TAU
SAYA BACA JAR 🤣🤣🤣",TNPFoB1Yem0,"Jangan cuba pesongkan fakta sejarah, sedia saman - Sanusi",Malaysia politik,2026-07-26T22:36:06
"SAPA YG SELALU CAKAP TAK BETUI
SAPA YG SUKA CAKAP MOHONGI
SATU MALAYSIA DAH TAU
JOM  GELAK",TNPFoB1Yem0,"Jangan cuba pesongkan fakta sejarah, sedia saman - Sanusi",Malaysia politik,2026-07-26T22:36:06
"ZAHID DAH HALAU NUSI  BALIK KEDAH
LA NI MALAYSIA 
BUKAN TANAH MELAYU 
MIC MINTA BN JGN BERKAWAN DGN PAS",TNPFoB1Yem0,"Jangan cuba pesongkan fakta sejarah, sedia saman - Sanusi",Malaysia politik,2026-07-26T22:36:06
Nusibat mulult longkang nak spin,TNPFoB1Yem0,"Jangan cuba pesongkan fakta sejarah, sedia saman - Sanusi",Malaysia politik,2026-07-26T22:36:06
"Tak percaya la ,kepala bapak ni",TNPFoB1Yem0,"Jangan cuba pesongkan fakta sejarah, sedia saman - Sanusi",Malaysia politik,2026-07-26T22:36:06
"Tahniah Datuk
Sudah berpuluh2 tahun, tiada seorang menteri pun yang mengaku seorang melayu dan sembahyang lima waktu yang mengungkit isu dan fakta ini sebagai pengajaran kepada seluruh rakyat malaysia yang berbilang bangsa dan ugama. Terima Kasih Dato Sanusi. Hidup Langkawi.",TNPFoB1Yem0,"Jangan cuba pesongkan fakta sejarah, sedia saman - Sanusi",Malaysia politik,2026-07-26T22:36:06
Tulah...jangan asyik mainkan sentimen bangsa dan ugama. Satu msia tahu malaya tu milik melayu. Tapi sabah dan srwk tetap wilayah😂😂😂,TNPFoB1Yem0,"Jangan cuba pesongkan fakta sejarah, sedia saman - Sanusi",Malaysia politik,2026-07-26T22:36:06
"MB sanusi banyak memberi fahaman tentang sejarah,politek,,yg sebenar  berani kerana benar 👍🤲💪💖🇲🇾",TNPFoB1Yem0,"Jangan cuba pesongkan fakta sejarah, sedia saman - Sanusi",Malaysia politik,2026-07-26T22:36:06
hang bido😂😂,TNPFoB1Yem0,"Jangan cuba pesongkan fakta sejarah, sedia saman - Sanusi",Malaysia politik,2026-07-26T22:36:06
ini level menteri besar kedah ahahha low class,TNPFoB1Yem0,"Jangan cuba pesongkan fakta sejarah, sedia saman - Sanusi",Malaysia politik,2026-07-26T22:36:06
"Xde salah pun apa yg mb nusi cakap tu,semuanya fakta tapi sengaja dimanipulasi oleh sesetengah org politik demi raih sokongan pengundi",TNPFoB1Yem0,"Jangan cuba pesongkan fakta sejarah, sedia saman - Sanusi",Malaysia politik,2026-07-26T22:36:06
Saman kaw2 YB biar mampoh kering haiwan tu....,TNPFoB1Yem0,"Jangan cuba pesongkan fakta sejarah, sedia saman - Sanusi",Malaysia politik,2026-07-26T22:36:06
SAMANN JANGAN X SAMANNNNN...APA KEE BANGANGGGG,TNPFoB1Yem0,"Jangan cuba pesongkan fakta sejarah, sedia saman - Sanusi",Malaysia politik,2026-07-26T22:36:06
"D apung x hanyut
D buang x tengelam
D petik x layu
D pindah x mati

Tulah kata2 nenek moyang melayu sejak purba
Faham tak.kembalikan kegimilangan Islam melayu",TNPFoB1Yem0,"Jangan cuba pesongkan fakta sejarah, sedia saman - Sanusi",Malaysia politik,2026-07-26T22:36:06
"Nu C saman + Nu C minta maaf + Nu C ulang. 
Melayu mudah lupa",TNPFoB1Yem0,"Jangan cuba pesongkan fakta sejarah, sedia saman - Sanusi",Malaysia politik,2026-07-26T22:36:06
"Ada bran ka... 
Nak saman. 😂😂",TNPFoB1Yem0,"Jangan cuba pesongkan fakta sejarah, sedia saman - Sanusi",Malaysia politik,2026-07-26T22:36:06
Pala bapak hang,TNPFoB1Yem0,"Jangan cuba pesongkan fakta sejarah, sedia saman - Sanusi",Malaysia politik,2026-07-26T22:36:06
Wak bekup laa..,TNPFoB1Yem0,"Jangan cuba pesongkan fakta sejarah, sedia saman - Sanusi",Malaysia politik,2026-07-26T22:36:06
Dijajah British pun sejarah. Mungkin dia Lupa dah,TNPFoB1Yem0,"Jangan cuba pesongkan fakta sejarah, sedia saman - Sanusi",Malaysia politik,2026-07-26T22:36:06
"Dattuk Seri, Samaaaaannn... jangan tak saaamaaan depa ni...",TNPFoB1Yem0,"Jangan cuba pesongkan fakta sejarah, sedia saman - Sanusi",Malaysia politik,2026-07-26T22:36:06
"Tau takut. Kau cetus perkauman, kau suruh balik kaum cina dn India p negara cina dn India. Kau  ckap manipulasi, memng pun kau mencetuskan perkauman, lepas tu kau  tuduh  org balik plak. Saman la klau kau rasa kau betul.ada vedio nusi. Tiada  sape yg memisungkn pun.ada ucapan nusi vedio full.jngn nk elak..sejarah mna kau beljar",TNPFoB1Yem0,"Jangan cuba pesongkan fakta sejarah, sedia saman - Sanusi",Malaysia politik,2026-07-26T22:36:06
"Whoever fights under a banner of folly, supporting tribalism, or getting angry for the sake of tribalism, he dies in a state of ignorance.”
حَدَّثَنَا بِشْرُ بْنُ هِلاَلٍ الصَّوَّافُ، حَدَّثَنَا عَبْدُ الْوَارِثِ بْنُ سَعِيدٍ، حَدَّثَنَا أَيُّوبُ، عَنْ غَيْلاَنَ بْنِ جَرِيرٍ، عَنْ زِيَادِ بْنِ رِيَاحٍ، عَنْ أَبِي هُرَيْرَةَ، قَالَ قَالَ رَسُولُ اللَّهِ ـ صلى الله عليه وسلم ـ ‏ ""‏ مَنْ قَاتَلَ تَحْتَ رَايَةٍ عِمِّيَّةٍ يَدْعُو إِلَى عَصَبِيَّةٍ أَوْ يَغْضَبُ لِعَصَبِيَّةٍ فَقِتْلَتُهُ جَاهِلِيَّةٌ ‏""‏ ‏.‏
Grade:	 Sahih (Darussalam)		
Reference	 : Sunan Ibn Majah 3948
In-book reference	 : Book 36, Hadith 23
English translation	 : Vol. 5, Book 36, Hadith 3948",TNPFoB1Yem0,"Jangan cuba pesongkan fakta sejarah, sedia saman - Sanusi",Malaysia politik,2026-07-26T22:36:06
"YB Nu.c  cakap 'bahasa tua', depa cakap 'bahasa muda', pasai tu depa tak paham....😅
ada paham ka..? saman jgn tak saman 😂",TNPFoB1Yem0,"Jangan cuba pesongkan fakta sejarah, sedia saman - Sanusi",Malaysia politik,2026-07-26T22:36:06
"Cina ada china, india ada india.melayu ada tanah melayu...dia tak kata korang pendatang...contoh kami sabah atau sarawak ada borneo, bukan orang tanah melayu tapi warganegara...belajar la bahasa kebangsaan bahasa malaysia..bukan mengelupur macam DAP...dah la kurang ajar pada raja raja tanah melayu...rasis lagi",TNPFoB1Yem0,"Jangan cuba pesongkan fakta sejarah, sedia saman - Sanusi",Malaysia politik,2026-07-26T22:36:06
Betul tu MB Sanusi.......Fakta tetap fakta....sejarah Tanah Melayu,TNPFoB1Yem0,"Jangan cuba pesongkan fakta sejarah, sedia saman - Sanusi",Malaysia politik,2026-07-26T22:36:06
Biasalah omong omong politik..dulu kini dan seterusnya..rakyat tetap menjadi alat untuk laba politik dan merebut kuasa..setelah berkuasa benda yang sama akan diulang semula bila menjelang PRU berikutnya bilamana rakyat telah dipasak minda agar senang ditunggang bila diperlukan..pembodohan pembodohan ini akan berterusan hinggalah dunia ini dikiamatkan oleh Allah  azzawajalla..,TNPFoB1Yem0,"Jangan cuba pesongkan fakta sejarah, sedia saman - Sanusi",Malaysia politik,2026-07-26T22:36:06
Aku rasa hanya Malaysia saja yang bertelagah tentang perkauman terutama bila tiba musim pilihanraya.. macam mana negara jiran kita Singapura Indonesia Thailand Vietnam Filipina.. mereka juga ada ramai kaum Cina yang berhijrah..,TNPFoB1Yem0,"Jangan cuba pesongkan fakta sejarah, sedia saman - Sanusi",Malaysia politik,2026-07-26T22:36:06
Orang ramai cukup faham...,TNPFoB1Yem0,"Jangan cuba pesongkan fakta sejarah, sedia saman - Sanusi",Malaysia politik,2026-07-26T22:36:06
Yes btul MB ni ckp!!! Dia crmh seronok dgar la oi!!,TNPFoB1Yem0,"Jangan cuba pesongkan fakta sejarah, sedia saman - Sanusi",Malaysia politik,2026-07-26T22:36:06
"mereka mana tahu fakta
tapi auta yg mereka tahu😂😂",TNPFoB1Yem0,"Jangan cuba pesongkan fakta sejarah, sedia saman - Sanusi",Malaysia politik,2026-07-26T22:36:06
"Tahniah MB Sanusi. Terbaik. 
Terus berjaya dan kaya raya. 
Aamiin.",TNPFoB1Yem0,"Jangan cuba pesongkan fakta sejarah, sedia saman - Sanusi",Malaysia politik,2026-07-26T22:36:06
Walaknon biasa le...terlalu menjilat,TNPFoB1Yem0,"Jangan cuba pesongkan fakta sejarah, sedia saman - Sanusi",Malaysia politik,2026-07-26T22:36:06
Betullah tu da namanya Tanah Melayu asal melayu terbaik YB kedah cuma bila Msia terbtk itu da lain melibatkan pelbagai kaum😂,TNPFoB1Yem0,"Jangan cuba pesongkan fakta sejarah, sedia saman - Sanusi",Malaysia politik,2026-07-26T22:36:06
Mana lubang pula sanusi keluar.,TNPFoB1Yem0,"Jangan cuba pesongkan fakta sejarah, sedia saman - Sanusi",Malaysia politik,2026-07-26T22:36:06
Tiap hang semua org minipulate.. lanchau .. Lidah syaitan,TNPFoB1Yem0,"Jangan cuba pesongkan fakta sejarah, sedia saman - Sanusi",Malaysia politik,2026-07-26T22:36:06
"Hebat sanusi, saman azalina dan cina dap",TNPFoB1Yem0,"Jangan cuba pesongkan fakta sejarah, sedia saman - Sanusi",Malaysia politik,2026-07-26T22:36:06
PH sengaja xfhm...nk berbesarkan isu ni...maklum la waktu tu tgh berkempen...baca sejarah la...putri hang li po mai dr mana...dr perut pelandok kah di hutan Melaka...sikh dan india mai dr mana...sape bawak...Portugis spain mai Melaka pun org melayu sudah dulu tinggal...betul la kata YB...ayuh N9 turunkan PH,TNPFoB1Yem0,"Jangan cuba pesongkan fakta sejarah, sedia saman - Sanusi",Malaysia politik,2026-07-26T22:36:06
Sokong MB............ mereka tu meroyan tu,TNPFoB1Yem0,"Jangan cuba pesongkan fakta sejarah, sedia saman - Sanusi",Malaysia politik,2026-07-26T22:36:06
Fakta sejarahnya Melayu pun bukan asal semenanjung Malaysia. Yang betul² tempatan adalah orang asli. Bangsa mita ni dari Astronesia belah lautan pasifik. Adalah sanusi maksudkan Melayu ada Astronesia juga?,TNPFoB1Yem0,"Jangan cuba pesongkan fakta sejarah, sedia saman - Sanusi",Malaysia politik,2026-07-26T22:36:06
Sejarah kita tak buat Malaysia ke?,TNPFoB1Yem0,"Jangan cuba pesongkan fakta sejarah, sedia saman - Sanusi",Malaysia politik,2026-07-26T22:36:06
Takleh pakai puak2 haprak ni.,TNPFoB1Yem0,"Jangan cuba pesongkan fakta sejarah, sedia saman - Sanusi",Malaysia politik,2026-07-26T22:36:06
"Tanah Melayu. Lembah Bujang di Kedah, Tanah Suci Hindu India.",TNPFoB1Yem0,"Jangan cuba pesongkan fakta sejarah, sedia saman - Sanusi",Malaysia politik,2026-07-26T22:36:06
Terbaik MB,TNPFoB1Yem0,"Jangan cuba pesongkan fakta sejarah, sedia saman - Sanusi",Malaysia politik,2026-07-26T22:36:06
Terbaik MB SANUSI 👍👍👍👍👍👍,TNPFoB1Yem0,"Jangan cuba pesongkan fakta sejarah, sedia saman - Sanusi",Malaysia politik,2026-07-26T22:36:06
Kita sokong S😂aman je ....,TNPFoB1Yem0,"Jangan cuba pesongkan fakta sejarah, sedia saman - Sanusi",Malaysia politik,2026-07-26T22:36:06
Bukan masa pilihanraya nak cerita pasal sejarah....lepas pilihan raya lupa akan sejarah..ini rasis dan menfitnah dan menghasut saja..,TNPFoB1Yem0,"Jangan cuba pesongkan fakta sejarah, sedia saman - Sanusi",Malaysia politik,2026-07-26T22:36:06
Saman je...jgn tk saman......kalau branie...ko.pun akan tinggal sejarah😅😅😅,TNPFoB1Yem0,"Jangan cuba pesongkan fakta sejarah, sedia saman - Sanusi",Malaysia politik,2026-07-26T22:36:06
"Kita kena tekan mereka ni dah melampau mereka nak negara kita ikut acuan mereka mana boleh ni tanah Melayu berpelembagaan ingat tu, YB sanusi benar",TNPFoB1Yem0,"Jangan cuba pesongkan fakta sejarah, sedia saman - Sanusi",Malaysia politik,2026-07-26T22:36:06
Kedah Perlis tu tanah siam atau tanah melayu. sabah sarawak tu tanah melayu ke?,TNPFoB1Yem0,"Jangan cuba pesongkan fakta sejarah, sedia saman - Sanusi",Malaysia politik,2026-07-26T22:36:06
Tak pyah putar alam...rakyat bijak bukan walaun...saman teruskan saman tenguk sapa yg kena...sendiri salah nk tuding jari dkt org lain...kantoi....,TNPFoB1Yem0,"Jangan cuba pesongkan fakta sejarah, sedia saman - Sanusi",Malaysia politik,2026-07-26T22:36:06
Hati hati Nusi…. Parti hang jarang menang tetapi banyak bayar bila masuk bab saman melibatkan mahkamah 😂😂😂😂😂,TNPFoB1Yem0,"Jangan cuba pesongkan fakta sejarah, sedia saman - Sanusi",Malaysia politik,2026-07-26T22:36:06
Fakta nkau tu betul..masalahnya nkau seperti mempersoal kewarganegaraan rakyat Malaysia yang sah Dari segi perlembagaan Dan undang2.nkau seolah mempersoal kesetiaan etnik bukan Melayu.Ramai yang faham maksud sindiran nkau tu.,TNPFoB1Yem0,"Jangan cuba pesongkan fakta sejarah, sedia saman - Sanusi",Malaysia politik,2026-07-26T22:36:06
Indonesia - Indone = Indon . sia = Tanah . Indonesia = Tanah Indon .,TNPFoB1Yem0,"Jangan cuba pesongkan fakta sejarah, sedia saman - Sanusi",Malaysia politik,2026-07-26T22:36:06
Hang saja yg betoi sanusi ooi..yg ka..Saman la Azalina menteri tu..satu lagi Saman la Zahid..tak tau pa!!,TNPFoB1Yem0,"Jangan cuba pesongkan fakta sejarah, sedia saman - Sanusi",Malaysia politik,2026-07-26T22:36:06
DAP pusing cerita... biasalah kumi..s,TNPFoB1Yem0,"Jangan cuba pesongkan fakta sejarah, sedia saman - Sanusi",Malaysia politik,2026-07-26T22:36:06
MalaySia - Malay = Melayu . Sia = Tanah . Malaysia = Tanah Melayu . Bahkan faktanya British sendiri memberikan perkataan ini kepada Persekutuan Tanah Melayu .,TNPFoB1Yem0,"Jangan cuba pesongkan fakta sejarah, sedia saman - Sanusi",Malaysia politik,2026-07-26T22:36:06
Melayu bukan peneroka TERAWAL di Nusantara !! 👉 Orang Asal di Nusantara @ selatan Pentas Sunda itu adalah Bangsa Orang Asli pecahan dari suku anak-anak & cucu-cucu Nabi Nuh (Hanya Nabi Nuh & keluarganya yang terselamat daripada peristiwa Tsunami Terbesar).. Bangsa Orang Asli sudah wujud di Nusantara selatan Pentas Sunda sejak zaman Paleolitik.. Bangsa Melayu BELUM wujud pun pada zaman Paleolitik & pada zaman Paleolitik pun BELUM ada istilah atau perkataan 'Melayu'..,TNPFoB1Yem0,"Jangan cuba pesongkan fakta sejarah, sedia saman - Sanusi",Malaysia politik,2026-07-26T22:36:06
"Melayu pun adalah PENDATANG juga.. 👉 Melayu BUKAN peneroka TERAWAL di Nusantara.. 👉 Peneroka TERAWAL di Nusantara = Orang Asli yang wujud sejak zaman Paleolitik.. 👉 Zaman Paleolitik , istilah & perkataan 'Melayu' pun BELUM WUJUD lagi masa tu..",TNPFoB1Yem0,"Jangan cuba pesongkan fakta sejarah, sedia saman - Sanusi",Malaysia politik,2026-07-26T22:36:06
buduh.. sejarah dulu orang Asli la..,TNPFoB1Yem0,"Jangan cuba pesongkan fakta sejarah, sedia saman - Sanusi",Malaysia politik,2026-07-26T22:36:06
"Berani kerana benar apa nak takut. Sengaja nak buat fitnah. Betul, saman sahaja balik baru dia sedar, jangan suka2 buat cerita fitnah",TNPFoB1Yem0,"Jangan cuba pesongkan fakta sejarah, sedia saman - Sanusi",Malaysia politik,2026-07-26T22:36:06
Sanusi cakap suka hati saja..lepas tu minta maaf..mulut celupar sangat..,TNPFoB1Yem0,"Jangan cuba pesongkan fakta sejarah, sedia saman - Sanusi",Malaysia politik,2026-07-26T22:36:06
"Bab perangai DAP tu KEBANYAKAN org Melayu tau.yg YB patut buat sekarang, jngan sampai rakyat di negeri YB ni terpaksa cari rezeki di negeri yg ditakbir DAP.siapa nak hormat kita kalau nak Jana ekonomi di negeri sendr pun x reti?",TNPFoB1Yem0,"Jangan cuba pesongkan fakta sejarah, sedia saman - Sanusi",Malaysia politik,2026-07-26T22:36:06
"Kerana santan pulut binasa
Kerana mulut badan binasa.",TNPFoB1Yem0,"Jangan cuba pesongkan fakta sejarah, sedia saman - Sanusi",Malaysia politik,2026-07-26T22:36:06
Betul tu YB ..saman PH YB,TNPFoB1Yem0,"Jangan cuba pesongkan fakta sejarah, sedia saman - Sanusi",Malaysia politik,2026-07-26T22:36:06
Kpala pak hang,TNPFoB1Yem0,"Jangan cuba pesongkan fakta sejarah, sedia saman - Sanusi",Malaysia politik,2026-07-26T22:36:06
saman umno,TNPFoB1Yem0,"Jangan cuba pesongkan fakta sejarah, sedia saman - Sanusi",Malaysia politik,2026-07-26T22:36:06
SAPE tak kenal PEMIMPIN2 PASial gengkorup ni,TNPFoB1Yem0,"Jangan cuba pesongkan fakta sejarah, sedia saman - Sanusi",Malaysia politik,2026-07-26T22:36:06
Ni melalak demi politik je..,TNPFoB1Yem0,"Jangan cuba pesongkan fakta sejarah, sedia saman - Sanusi",Malaysia politik,2026-07-26T22:36:06
Dia ni YG BG TNH utk 8 kuilhrm kan?,TNPFoB1Yem0,"Jangan cuba pesongkan fakta sejarah, sedia saman - Sanusi",Malaysia politik,2026-07-26T22:36:06
Kata 4 generasi dah duk Tanah Melayu tapi takkan tak fham Bahasa Melayu... ya dak? 😅. Org tu kata nk letak jawatn pon tak buat.  Hmmm... Sembang mambang betol,TNPFoB1Yem0,"Jangan cuba pesongkan fakta sejarah, sedia saman - Sanusi",Malaysia politik,2026-07-26T22:36:06
"Aku rasa pimpinan PAS tak perlu sentuh nama kaum lain. Klau berceramah, just straight to the point- apa agenda Malayu Islam yg nak di buat

Dah Wawasan akan handle Melayu Urban & bukan Melayu, biar mrk yg sebut isu berkaitan kelompok ini

PAS parti Melayu Islam. Sebut ttg Melayu & Islam tak janggal. Sebut ttg kaum dan agama lain, senang disalahertikan. So just leave it out",TNPFoB1Yem0,"Jangan cuba pesongkan fakta sejarah, sedia saman - Sanusi",Malaysia politik,2026-07-26T22:36:06
terbaik sanusi,TNPFoB1Yem0,"Jangan cuba pesongkan fakta sejarah, sedia saman - Sanusi",Malaysia politik,2026-07-26T22:36:06
Hari tu mengaku dia mengaku ada keturunan cina.. itu sejarah juga,TNPFoB1Yem0,"Jangan cuba pesongkan fakta sejarah, sedia saman - Sanusi",Malaysia politik,2026-07-26T22:36:06
Kami bumi Dan pribumi negara ini setuju 100% menyokong pencerahan yg tepat dan bagus...Setuju buat report polis trus saman bila cerita benar tentang perlembagaan mereka buat isu bukan2.,TNPFoB1Yem0,"Jangan cuba pesongkan fakta sejarah, sedia saman - Sanusi",Malaysia politik,2026-07-26T22:36:06
X payah ulang ye...semua dah tahu...x perlu sebut,TNPFoB1Yem0,"Jangan cuba pesongkan fakta sejarah, sedia saman - Sanusi",Malaysia politik,2026-07-26T22:36:06
Spain lagi😅,TNPFoB1Yem0,"Jangan cuba pesongkan fakta sejarah, sedia saman - Sanusi",Malaysia politik,2026-07-26T22:36:06
Aku faham apa maksud MB...,TNPFoB1Yem0,"Jangan cuba pesongkan fakta sejarah, sedia saman - Sanusi",Malaysia politik,2026-07-26T22:36:06
Suruh tentera pi buat laporan polis  dia kata bangang lebih dari 3r,TNPFoB1Yem0,"Jangan cuba pesongkan fakta sejarah, sedia saman - Sanusi",Malaysia politik,2026-07-26T22:36:06
terbaik MB Sanusi...👍👍👍,TNPFoB1Yem0,"Jangan cuba pesongkan fakta sejarah, sedia saman - Sanusi",Malaysia politik,2026-07-26T22:36:06
Nusi Kata tok dia cina...sok dia balik Sana..,TNPFoB1Yem0,"Jangan cuba pesongkan fakta sejarah, sedia saman - Sanusi",Malaysia politik,2026-07-26T22:36:06
Ya..saman saja diorg.. biar tahu asal usul,TNPFoB1Yem0,"Jangan cuba pesongkan fakta sejarah, sedia saman - Sanusi",Malaysia politik,2026-07-26T22:36:06
Apa takut sangat..mereka ni..ratusan tahun dulu panglima pembesar melayu dah sebutkan kpd rakyat jelata hal .pekara serupa.ratusan tahun dulu mana ada bangsa bangsa  lain ujud nagara langkasuka.lang buana.nusantara ini.kalaulah mb nusi pakaikan kinzir persalinan sultan raja melayu..Baru jelas terang 3R.hukum bunuh di tanah besar chaina .hukum dia.,TNPFoB1Yem0,"Jangan cuba pesongkan fakta sejarah, sedia saman - Sanusi",Malaysia politik,2026-07-26T22:36:06
"Saman je mereka2 yang ubah fakta dan mengubah apa yang Sanusi perkatakan.
Dan mereka menghasut masyarakat dengan niat meraih undi untuk terus berkuasa.
Akta hasutan.",TNPFoB1Yem0,"Jangan cuba pesongkan fakta sejarah, sedia saman - Sanusi",Malaysia politik,2026-07-26T22:36:06
Apa beza DAP dengan MCA,TNPFoB1Yem0,"Jangan cuba pesongkan fakta sejarah, sedia saman - Sanusi",Malaysia politik,2026-07-26T22:36:06
Smoga allah pelihara org yg pertahankan agama bangsa dan negara,TNPFoB1Yem0,"Jangan cuba pesongkan fakta sejarah, sedia saman - Sanusi",Malaysia politik,2026-07-26T22:36:06
Tak sesuai YB satu hari sembahyang 5kali ini macam cakap. Tak baguslah. 🤫,TNPFoB1Yem0,"Jangan cuba pesongkan fakta sejarah, sedia saman - Sanusi",Malaysia politik,2026-07-26T22:36:06
"Bnd fakta..yg panas sgt knp?
Yg duk harap pelukan..sokongan dari mereka tu je ketakutan. Nak mintak hak samarata..mana dapat, sedarlah!",TNPFoB1Yem0,"Jangan cuba pesongkan fakta sejarah, sedia saman - Sanusi",Malaysia politik,2026-07-26T22:36:06
Tok wan sanusi china tanah besar..jadi elok kita hadamkan je la sejarah.,TNPFoB1Yem0,"Jangan cuba pesongkan fakta sejarah, sedia saman - Sanusi",Malaysia politik,2026-07-26T22:36:06
Aduh! Kita hanya ada Malaysia,TNPFoB1Yem0,"Jangan cuba pesongkan fakta sejarah, sedia saman - Sanusi",Malaysia politik,2026-07-26T22:36:06
"Eleh cakap melayu pun pelat,sekolah pun tak mahu sekali nak berasing guna bahasa sendiri,x mahu ikut sistem sekolah kebangsaan,berkiblatkan negara asal..kendian acah² patriotik.Piiraah hipokrit,play victim mmg mainan puak2 ni.",TNPFoB1Yem0,"Jangan cuba pesongkan fakta sejarah, sedia saman - Sanusi",Malaysia politik,2026-07-26T22:36:06
yg mana buat laporan tu ...saman je,TNPFoB1Yem0,"Jangan cuba pesongkan fakta sejarah, sedia saman - Sanusi",Malaysia politik,2026-07-26T22:36:06
Terangan nuc ckp dlm video tu lgi mau lari tuduh org plk. Walaupun sejarah ttpi kow ada maksud yg tersirat ttg perkauman,TNPFoB1Yem0,"Jangan cuba pesongkan fakta sejarah, sedia saman - Sanusi",Malaysia politik,2026-07-26T22:36:06
Terbaikkkklah Ds sanusi..👍👍👍👍👍👍👍 ..dun sikamat kita buang jauh² PHancing🤣🤣🤣🤣🤣🤣,TNPFoB1Yem0,"Jangan cuba pesongkan fakta sejarah, sedia saman - Sanusi",Malaysia politik,2026-07-26T22:36:06
Kamu jadi menteri kewangan apa kamu buat untuk rakyat,SCww8HNdwd8,Anwar rayu rakyat N Sembilan terus beri mandat kepada PH,Malaysia politik,2026-07-26T22:36:10
Telaga zam zam kat mna pmx oi,SCww8HNdwd8,Anwar rayu rakyat N Sembilan terus beri mandat kepada PH,Malaysia politik,2026-07-26T22:36:10
hakkkktuihhhhh...terdesak sangat dah matlaun ni...,SCww8HNdwd8,Anwar rayu rakyat N Sembilan terus beri mandat kepada PH,Malaysia politik,2026-07-26T22:36:10
tk ya  nk kempen conform melongkop,SCww8HNdwd8,Anwar rayu rakyat N Sembilan terus beri mandat kepada PH,Malaysia politik,2026-07-26T22:36:10
Dh tk tau nk jnji ape lhh tuu😏tuu pasal ckp ntah ape2 dh skrgg....,SCww8HNdwd8,Anwar rayu rakyat N Sembilan terus beri mandat kepada PH,Malaysia politik,2026-07-26T22:36:10
Sudah terlambat 😂,SCww8HNdwd8,Anwar rayu rakyat N Sembilan terus beri mandat kepada PH,Malaysia politik,2026-07-26T22:36:10
"DENGAR BOLEH PERCAYA JANGAN.
BETUL LA AKHIR NYA JAGA DIA, KELUARGA DIA DAN PENGIKUT DIA.",SCww8HNdwd8,Anwar rayu rakyat N Sembilan terus beri mandat kepada PH,Malaysia politik,2026-07-26T22:36:10
"Merayu tak ku merayu
Sehingga diri dihina
Kumpulan spin",SCww8HNdwd8,Anwar rayu rakyat N Sembilan terus beri mandat kepada PH,Malaysia politik,2026-07-26T22:36:10
Hahaha tolongggggggggggggggggggggggggggggggggggggg,SCww8HNdwd8,Anwar rayu rakyat N Sembilan terus beri mandat kepada PH,Malaysia politik,2026-07-26T22:36:10
Buat muka kesian...tapi udah terlambat  ANUAR,SCww8HNdwd8,Anwar rayu rakyat N Sembilan terus beri mandat kepada PH,Malaysia politik,2026-07-26T22:36:10
😂😂😂😂😂😂😂😂😂😂😂😂😂😂😂😂😂😂😂😂😂😂😂😂,SCww8HNdwd8,Anwar rayu rakyat N Sembilan terus beri mandat kepada PH,Malaysia politik,2026-07-26T22:36:10
Tak perlu selari..pusat dah nak bubar,SCww8HNdwd8,Anwar rayu rakyat N Sembilan terus beri mandat kepada PH,Malaysia politik,2026-07-26T22:36:10
..nampak uzur dah...,SCww8HNdwd8,Anwar rayu rakyat N Sembilan terus beri mandat kepada PH,Malaysia politik,2026-07-26T22:36:10
"Pakatan harapan YES ❤❤❤😊😊😊 Boleh Malaysia Boleh 

Pakatan harapan hati rakyat Negeri Sembilan ❤❤❤😊😊😊 PMX Anwar pakatan harapan YES ❤❤❤😊😊",SCww8HNdwd8,Anwar rayu rakyat N Sembilan terus beri mandat kepada PH,Malaysia politik,2026-07-26T22:36:10
Hahahaha.... Porahhh cittt....,SCww8HNdwd8,Anwar rayu rakyat N Sembilan terus beri mandat kepada PH,Malaysia politik,2026-07-26T22:36:10
"PH dh diberi kuasa tapi BANGANG,😂hahaha,ko tggu kes mahkamah yg ko minta immunity tu n kes2 yg baru,selamat kembali ke jeriji besi...🎉🎉🎉😅😂",SCww8HNdwd8,Anwar rayu rakyat N Sembilan terus beri mandat kepada PH,Malaysia politik,2026-07-26T22:36:10
🤣🤣🤣🤣🤣🤣🤣🤣🤣🤣,SCww8HNdwd8,Anwar rayu rakyat N Sembilan terus beri mandat kepada PH,Malaysia politik,2026-07-26T22:36:10
Bagi jari tengah dengan seliter ludahan setiap sorang geng ko boleh la banduan..,SCww8HNdwd8,Anwar rayu rakyat N Sembilan terus beri mandat kepada PH,Malaysia politik,2026-07-26T22:36:10
Tak kebaper tak pakai baju parti..pakai baju kerajaan pulak..tapi masa kempen..boleh Ker..sekadar bertanyer,SCww8HNdwd8,Anwar rayu rakyat N Sembilan terus beri mandat kepada PH,Malaysia politik,2026-07-26T22:36:10
HANCHINGGGGGGGGGGG,SCww8HNdwd8,Anwar rayu rakyat N Sembilan terus beri mandat kepada PH,Malaysia politik,2026-07-26T22:36:10
Pakatan hancur,SCww8HNdwd8,Anwar rayu rakyat N Sembilan terus beri mandat kepada PH,Malaysia politik,2026-07-26T22:36:10
3 tahun bg mandat..bkn nk bersyukur😂😂makin kedarah duit rakyat ade la..bile dh kantoi keluar la jd hero tambi,SCww8HNdwd8,Anwar rayu rakyat N Sembilan terus beri mandat kepada PH,Malaysia politik,2026-07-26T22:36:10
Tak malu ke????...bubar la parlimen..😂😂😂😂,SCww8HNdwd8,Anwar rayu rakyat N Sembilan terus beri mandat kepada PH,Malaysia politik,2026-07-26T22:36:10
Undi kami suka hati kamilah yg penting tak akan undi ph pkr dap amnah,SCww8HNdwd8,Anwar rayu rakyat N Sembilan terus beri mandat kepada PH,Malaysia politik,2026-07-26T22:36:10
😂😂😂 nak mandat lagi?!!!,SCww8HNdwd8,Anwar rayu rakyat N Sembilan terus beri mandat kepada PH,Malaysia politik,2026-07-26T22:36:10
"Dulu masa kau pembangan, kau tak sebut pulak kerajaan negeri kena sama dengan kerajaan persekutuan. Kau berguling atas jalan, telangkupkan kereta polis!!!!",SCww8HNdwd8,Anwar rayu rakyat N Sembilan terus beri mandat kepada PH,Malaysia politik,2026-07-26T22:36:10
😂😂😂😂... Nuam... Hg takut la pd Allah... Tanggung jawab. Yg hg cari jgn la bodohkn org lain..,SCww8HNdwd8,Anwar rayu rakyat N Sembilan terus beri mandat kepada PH,Malaysia politik,2026-07-26T22:36:10
"Yaa...kita akan pilih pilihan yg terbaik,pilih BN",SCww8HNdwd8,Anwar rayu rakyat N Sembilan terus beri mandat kepada PH,Malaysia politik,2026-07-26T22:36:10
"KOYAK ke, tak pe harapan nak kalah tu tinggi. BUKA MULUT MUHONH",SCww8HNdwd8,Anwar rayu rakyat N Sembilan terus beri mandat kepada PH,Malaysia politik,2026-07-26T22:36:10
Boleh blahhh......,SCww8HNdwd8,Anwar rayu rakyat N Sembilan terus beri mandat kepada PH,Malaysia politik,2026-07-26T22:36:10
"😂😂😂😂😂😂
Nak terlungkup br ko ingt rakyat, ada kuasa ko buat Malaysia nie serupa mak bapak ko punya... Hanat",SCww8HNdwd8,Anwar rayu rakyat N Sembilan terus beri mandat kepada PH,Malaysia politik,2026-07-26T22:36:10
Guru...tolong berhenti guru...😂🤣😂🤣😂🤣😂🤣guruuuuu....,SCww8HNdwd8,Anwar rayu rakyat N Sembilan terus beri mandat kepada PH,Malaysia politik,2026-07-26T22:36:10
Jgnlh...prcaya ckp anuar ni.dia nk terus brkuasa walaupun menifesto basi x trtunai.ayuh rkyt neg.9 undilh bn,SCww8HNdwd8,Anwar rayu rakyat N Sembilan terus beri mandat kepada PH,Malaysia politik,2026-07-26T22:36:10
Ketimbang,SCww8HNdwd8,Anwar rayu rakyat N Sembilan terus beri mandat kepada PH,Malaysia politik,2026-07-26T22:36:10
Kerajaan pusat pun dh nk lingkup.,SCww8HNdwd8,Anwar rayu rakyat N Sembilan terus beri mandat kepada PH,Malaysia politik,2026-07-26T22:36:10
Janji apa pak Anuar 😂😂😂,SCww8HNdwd8,Anwar rayu rakyat N Sembilan terus beri mandat kepada PH,Malaysia politik,2026-07-26T22:36:10
Hancing.... 😂😂😂😂😂,SCww8HNdwd8,Anwar rayu rakyat N Sembilan terus beri mandat kepada PH,Malaysia politik,2026-07-26T22:36:10
"Ko pun xjaga rakyat..nama je wakil rakyat tambun...bila warga tambun mintak bantuan selalu,nya xdpt..sembang babi pun boleh terbang",SCww8HNdwd8,Anwar rayu rakyat N Sembilan terus beri mandat kepada PH,Malaysia politik,2026-07-26T22:36:10
Kamu buat pilihan yang betul.. kamu buat apa allah tau semuanya.. kamu bantu azam baki..tuhan tau,SCww8HNdwd8,Anwar rayu rakyat N Sembilan terus beri mandat kepada PH,Malaysia politik,2026-07-26T22:36:10
"janji je yg dia bawak sana sini tp abuk pn xda.. bg budget 1 juta, tulis dlm acc  1.2 juta .. rm200k bawak ke depan ... depan umah dia",SCww8HNdwd8,Anwar rayu rakyat N Sembilan terus beri mandat kepada PH,Malaysia politik,2026-07-26T22:36:10
😂😂😂😂😅 muka cipulos.😅,SCww8HNdwd8,Anwar rayu rakyat N Sembilan terus beri mandat kepada PH,Malaysia politik,2026-07-26T22:36:10
goyang boh,SCww8HNdwd8,Anwar rayu rakyat N Sembilan terus beri mandat kepada PH,Malaysia politik,2026-07-26T22:36:10
Kami tak mau hg... Letak jawatan,SCww8HNdwd8,Anwar rayu rakyat N Sembilan terus beri mandat kepada PH,Malaysia politik,2026-07-26T22:36:10
Toksah dok sembang kari lagi no second chance 4 u,SCww8HNdwd8,Anwar rayu rakyat N Sembilan terus beri mandat kepada PH,Malaysia politik,2026-07-26T22:36:10
Cri cara len nk cing. Slalu buat cm ni. Org dh tau😢,SCww8HNdwd8,Anwar rayu rakyat N Sembilan terus beri mandat kepada PH,Malaysia politik,2026-07-26T22:36:10
😂😂😂😂😂,SCww8HNdwd8,Anwar rayu rakyat N Sembilan terus beri mandat kepada PH,Malaysia politik,2026-07-26T22:36:10
"Tak payahlah nak rayu2 lg, janji2 dulu masih byk yg tak dilaksanakan.. bila dah berkuasa berbillion terillion alasan diberi.. bila nak mengudi jer tambur janji lg, memang tak ada harapan..sy minta si nuar,pmx, ph, dap jgn harap lg, cukup2lah apa yg berlaku yg lps.. bahasa jaga melayu, jaga india,jaga cina itu bahasa yg selalu dia ucapkan ..",SCww8HNdwd8,Anwar rayu rakyat N Sembilan terus beri mandat kepada PH,Malaysia politik,2026-07-26T22:36:10
X nk la lu kaki kencing la anuar...cilaka lu,SCww8HNdwd8,Anwar rayu rakyat N Sembilan terus beri mandat kepada PH,Malaysia politik,2026-07-26T22:36:10
rakyat utamakan bukan kuasa,SCww8HNdwd8,Anwar rayu rakyat N Sembilan terus beri mandat kepada PH,Malaysia politik,2026-07-26T22:36:10
Kwsp pun  susah nak bagi. rakyat tengah susah. Tak payah undi tolak  PH. Dap..,SCww8HNdwd8,Anwar rayu rakyat N Sembilan terus beri mandat kepada PH,Malaysia politik,2026-07-26T22:36:10
Cukup2 lah memperbodohkan rakyat,SCww8HNdwd8,Anwar rayu rakyat N Sembilan terus beri mandat kepada PH,Malaysia politik,2026-07-26T22:36:10
Datang mana pi membohong tabur janji,SCww8HNdwd8,Anwar rayu rakyat N Sembilan terus beri mandat kepada PH,Malaysia politik,2026-07-26T22:36:10
Aikkk spin lg .. baru nih sembang gila2 .. undi ka xundi ka dia ttp perdana mnteri .. nii merayu bagai plakk ...,SCww8HNdwd8,Anwar rayu rakyat N Sembilan terus beri mandat kepada PH,Malaysia politik,2026-07-26T22:36:10
"Sudah2 la Nuar...
Bagi org lain berkuasa supaya tak berbohong lg.
Asik nak menyalahkan org je.
Masa ko dah habis...",SCww8HNdwd8,Anwar rayu rakyat N Sembilan terus beri mandat kepada PH,Malaysia politik,2026-07-26T22:36:10
2026 STR yg bujang di hapus kan..takut nanti 2027 STR semua di hapuskan pulak..undi lah barisan nasional,SCww8HNdwd8,Anwar rayu rakyat N Sembilan terus beri mandat kepada PH,Malaysia politik,2026-07-26T22:36:10
Ambil keputusan baik dan tepat demi masa depan negeri 9...undi lah barisan nasional masa depan tjamin..,SCww8HNdwd8,Anwar rayu rakyat N Sembilan terus beri mandat kepada PH,Malaysia politik,2026-07-26T22:36:10
lembut je nak pancing. lewat dah,SCww8HNdwd8,Anwar rayu rakyat N Sembilan terus beri mandat kepada PH,Malaysia politik,2026-07-26T22:36:10
😂😂😂😂😂😂😂😂😂😂😂 Dengan Boleh ...Caya Jangan..Putak Alam..,SCww8HNdwd8,Anwar rayu rakyat N Sembilan terus beri mandat kepada PH,Malaysia politik,2026-07-26T22:36:10
Sembang kari😮😮😮,SCww8HNdwd8,Anwar rayu rakyat N Sembilan terus beri mandat kepada PH,Malaysia politik,2026-07-26T22:36:10
"Sudah la, bagi orang lain pulak perintah... bohong kuat",SCww8HNdwd8,Anwar rayu rakyat N Sembilan terus beri mandat kepada PH,Malaysia politik,2026-07-26T22:36:10
"Orang ni laa yg kata askar kita bodoh,banggang!",SCww8HNdwd8,Anwar rayu rakyat N Sembilan terus beri mandat kepada PH,Malaysia politik,2026-07-26T22:36:10
Boleh pergi mampus kalau org2 n9 dok pilih dia jgk tak tau lah,SCww8HNdwd8,Anwar rayu rakyat N Sembilan terus beri mandat kepada PH,Malaysia politik,2026-07-26T22:36:10
Kasi masuk balik,SCww8HNdwd8,Anwar rayu rakyat N Sembilan terus beri mandat kepada PH,Malaysia politik,2026-07-26T22:36:10
😂😂😂😂😂😂😂😂😂,SCww8HNdwd8,Anwar rayu rakyat N Sembilan terus beri mandat kepada PH,Malaysia politik,2026-07-26T22:36:10
Selepas Johor kita ambil pulak negeri sembilan..... diperintah oleh umno dan bn. Percayalah kemakmuran akan berlaku. Kita ujud pula Malaysia Makmur.....,SCww8HNdwd8,Anwar rayu rakyat N Sembilan terus beri mandat kepada PH,Malaysia politik,2026-07-26T22:36:10
Ini org mmg x guna..bukak mulut bohong..😅,SCww8HNdwd8,Anwar rayu rakyat N Sembilan terus beri mandat kepada PH,Malaysia politik,2026-07-26T22:36:10
Letak jawatan shja rakyat hidup susah di perintah oleh mu anwar😢,SCww8HNdwd8,Anwar rayu rakyat N Sembilan terus beri mandat kepada PH,Malaysia politik,2026-07-26T22:36:10
Ye kami ambil keputusan yg baik.....BNPN pilihan kami...,SCww8HNdwd8,Anwar rayu rakyat N Sembilan terus beri mandat kepada PH,Malaysia politik,2026-07-26T22:36:10
Selagi kau bekerjasama dgn DAP... No Anwar,SCww8HNdwd8,Anwar rayu rakyat N Sembilan terus beri mandat kepada PH,Malaysia politik,2026-07-26T22:36:10
Selari ke nak lari semua pembong cakap,SCww8HNdwd8,Anwar rayu rakyat N Sembilan terus beri mandat kepada PH,Malaysia politik,2026-07-26T22:36:10
Puuuiiiiii,SCww8HNdwd8,Anwar rayu rakyat N Sembilan terus beri mandat kepada PH,Malaysia politik,2026-07-26T22:36:10
rambut pun tak sempat nak cat.,SCww8HNdwd8,Anwar rayu rakyat N Sembilan terus beri mandat kepada PH,Malaysia politik,2026-07-26T22:36:10
"Kepala hotak bapak kau...sorry to say anuar ibrahim coz agak kasar ayat aku nie,apabila video kau berucap nie buatkan aku terbayangkan jika butoh boleh berkata-kata maka video kau sedang berucap ini adalah contoh terbaik untuk butoh berkata-kata,seiras,serupa dan saling tak tumpah rupa butoh bercakap...",SCww8HNdwd8,Anwar rayu rakyat N Sembilan terus beri mandat kepada PH,Malaysia politik,2026-07-26T22:36:10
Kita orang nismelan nak pusat yg selari dengan negeri..kita tukar kerajaan pusat dan korek sakau yg kamu buat senyap senyap,SCww8HNdwd8,Anwar rayu rakyat N Sembilan terus beri mandat kepada PH,Malaysia politik,2026-07-26T22:36:10
Sudah la...buat saja tak payah cerita ngarut je. Jangan asyik janji saja.,SCww8HNdwd8,Anwar rayu rakyat N Sembilan terus beri mandat kepada PH,Malaysia politik,2026-07-26T22:36:10
???,SCww8HNdwd8,Anwar rayu rakyat N Sembilan terus beri mandat kepada PH,Malaysia politik,2026-07-26T22:36:10
madani xde demokrasi,SCww8HNdwd8,Anwar rayu rakyat N Sembilan terus beri mandat kepada PH,Malaysia politik,2026-07-26T22:36:10
Udah la tu Nuar Berahim... kembali la ka pangkal jalan.,SCww8HNdwd8,Anwar rayu rakyat N Sembilan terus beri mandat kepada PH,Malaysia politik,2026-07-26T22:36:10
Bercakap cerminan sendiri.. sendiri cakap sendiri buat😂😂😂HAHAAA 93000X,SCww8HNdwd8,Anwar rayu rakyat N Sembilan terus beri mandat kepada PH,Malaysia politik,2026-07-26T22:36:10
"Pemimpin liberal PKR munafik cakap berbelit-belit kencing sana sini sembang kari hina anggota keselamatan... Sila pangkah BN PN PAS, tolak DAP PKR PH",SCww8HNdwd8,Anwar rayu rakyat N Sembilan terus beri mandat kepada PH,Malaysia politik,2026-07-26T22:36:10
Apa ni ritu ckp besar😂😂 saya menang atau kalah prn saya tetap perdana menteri,SCww8HNdwd8,Anwar rayu rakyat N Sembilan terus beri mandat kepada PH,Malaysia politik,2026-07-26T22:36:10
Saya harap PM boleh mengambil cadangan daripada saya untuk lagu kempen undi PH.. lagu Black Dog Bone Harapan Setinggi Gunung Berderai Menjadi Debu,SCww8HNdwd8,Anwar rayu rakyat N Sembilan terus beri mandat kepada PH,Malaysia politik,2026-07-26T22:36:10
Biar PH dan PKR dan juga DAP bungkus melingkup buat selamanya Aamiin3 ya Allah 🤲🤲🤲🤲,SCww8HNdwd8,Anwar rayu rakyat N Sembilan terus beri mandat kepada PH,Malaysia politik,2026-07-26T22:36:10
Klo x xde lah sampai org kg sendiri pun x suka fikir2 kan lah,SCww8HNdwd8,Anwar rayu rakyat N Sembilan terus beri mandat kepada PH,Malaysia politik,2026-07-26T22:36:10
"Pelik vtul tiou yg dulu pun xdpt diampunkan lgi ni dh mula buat tg baru pulak hadeh udah2 lah tu, pasai tu lah orang kg hang permatang Pauh tu pun x suka hang tu,",SCww8HNdwd8,Anwar rayu rakyat N Sembilan terus beri mandat kepada PH,Malaysia politik,2026-07-26T22:36:10
Merayu. nampak. kasihannya. bang. non. kunyit,SCww8HNdwd8,Anwar rayu rakyat N Sembilan terus beri mandat kepada PH,Malaysia politik,2026-07-26T22:36:10
Putaralamshah,SCww8HNdwd8,Anwar rayu rakyat N Sembilan terus beri mandat kepada PH,Malaysia politik,2026-07-26T22:36:10
NO DAP NO PKR = NO PH NO MADANI,SCww8HNdwd8,Anwar rayu rakyat N Sembilan terus beri mandat kepada PH,Malaysia politik,2026-07-26T22:36:10
Org nk sampahkan pusat nk undi apa lg,SCww8HNdwd8,Anwar rayu rakyat N Sembilan terus beri mandat kepada PH,Malaysia politik,2026-07-26T22:36:10
Nak cakap pilih mcm dia latu! Palestin sokong zionist pon sokong kan gila tuu! Ni bukan takut kalah tp lebih dari takut kebongkaran yg dia khianat,SCww8HNdwd8,Anwar rayu rakyat N Sembilan terus beri mandat kepada PH,Malaysia politik,2026-07-26T22:36:10
😮😮😂,SCww8HNdwd8,Anwar rayu rakyat N Sembilan terus beri mandat kepada PH,Malaysia politik,2026-07-26T22:36:10
Ko xpyh nk ajr org nk pilih apa suma bagai..rakyat ni bnyk yg cerdik sbb tu xpilih pakatan hancing,SCww8HNdwd8,Anwar rayu rakyat N Sembilan terus beri mandat kepada PH,Malaysia politik,2026-07-26T22:36:10
Org melayu dah tolak pkr. anwar jadi pm sebab ada sokongan dari dap.,SCww8HNdwd8,Anwar rayu rakyat N Sembilan terus beri mandat kepada PH,Malaysia politik,2026-07-26T22:36:10
😂😂😂😂😂😂😂😂😂😂😂😂😂😂😂😂😂😂😂😂😂😂😂😂😂😂😂😂😂😂😂😂😂😂😂😂😂😂,SCww8HNdwd8,Anwar rayu rakyat N Sembilan terus beri mandat kepada PH,Malaysia politik,2026-07-26T22:36:10
Korang elok jadi pembangkang,SCww8HNdwd8,Anwar rayu rakyat N Sembilan terus beri mandat kepada PH,Malaysia politik,2026-07-26T22:36:10
Dah habis dah masa untk PH,SCww8HNdwd8,Anwar rayu rakyat N Sembilan terus beri mandat kepada PH,Malaysia politik,2026-07-26T22:36:10
Dengar boleh percaya jngn,SCww8HNdwd8,Anwar rayu rakyat N Sembilan terus beri mandat kepada PH,Malaysia politik,2026-07-26T22:36:10
Temberang,SCww8HNdwd8,Anwar rayu rakyat N Sembilan terus beri mandat kepada PH,Malaysia politik,2026-07-26T22:36:10
BANGKITLAH rakyat N9.....DEMI ALLAH...ALLAH MAHA MENGETAHUI SIAPA MEREKA DAN TELAH DIBERIKAN PELUANG TAPI MEREKA SENDIRILAH YG MEMPERSIA2KAN...MALAH MENABUR FITNAH DAN JANJI KOSONG MALAH MELAYU DIJADIKAN BATU LONCATAN DWMI KEPENT8NGAN PERIBADI.....,SCww8HNdwd8,Anwar rayu rakyat N Sembilan terus beri mandat kepada PH,Malaysia politik,2026-07-26T22:36:10
Siapa nihh yg dari Facebook pindah ke youtube,Cnj8Gq-Q56A,[EPISOD PENUH] RUMAH TANPA LUKA - EP1,Malaysia drama viral,2026-07-26T22:36:12
SYAFlQ,Cnj8Gq-Q56A,[EPISOD PENUH] RUMAH TANPA LUKA - EP1,Malaysia drama viral,2026-07-26T22:36:12
😮😮😮😮😮😮,Cnj8Gq-Q56A,[EPISOD PENUH] RUMAH TANPA LUKA - EP1,Malaysia drama viral,2026-07-26T22:36:12
"Tak serasi la, bini cantik laki buruk rupe a 😂, cb la cari pelakon laki yg handsome br la sesuai",Cnj8Gq-Q56A,[EPISOD PENUH] RUMAH TANPA LUKA - EP1,Malaysia drama viral,2026-07-26T22:36:12
hi,Cnj8Gq-Q56A,[EPISOD PENUH] RUMAH TANPA LUKA - EP1,Malaysia drama viral,2026-07-26T22:36:12
Oo oi,Cnj8Gq-Q56A,[EPISOD PENUH] RUMAH TANPA LUKA - EP1,Malaysia drama viral,2026-07-26T22:36:12
Ooo,Cnj8Gq-Q56A,[EPISOD PENUH] RUMAH TANPA LUKA - EP1,Malaysia drama viral,2026-07-26T22:36:12
200,Cnj8Gq-Q56A,[EPISOD PENUH] RUMAH TANPA LUKA - EP1,Malaysia drama viral,2026-07-26T22:36:12
Eee oi apa ko .,Cnj8Gq-Q56A,[EPISOD PENUH] RUMAH TANPA LUKA - EP1,Malaysia drama viral,2026-07-26T22:36:12
Terima kasih,Cnj8Gq-Q56A,[EPISOD PENUH] RUMAH TANPA LUKA - EP1,Malaysia drama viral,2026-07-26T22:36:12
Balik celik KO oi,Cnj8Gq-Q56A,[EPISOD PENUH] RUMAH TANPA LUKA - EP1,Malaysia drama viral,2026-07-26T22:36:12
Sumpah aku tengok cerita ni sedih😢😢😢😢😢😢😢😢😢,Cnj8Gq-Q56A,[EPISOD PENUH] RUMAH TANPA LUKA - EP1,Malaysia drama viral,2026-07-26T22:36:12
"Yang orang Malaysia bisa bahasa Indonesia komen dibawah😎😎😎😎😎😎
👇
👇
👇",Cnj8Gq-Q56A,[EPISOD PENUH] RUMAH TANPA LUKA - EP1,Malaysia drama viral,2026-07-26T22:36:12
Salam dari Indonesia emang cowok itu memang jahat sekali ke istrinya mending kasi saja dia hukuman biar tau rasa😡😡😡😡😡😡😡😡,Cnj8Gq-Q56A,[EPISOD PENUH] RUMAH TANPA LUKA - EP1,Malaysia drama viral,2026-07-26T22:36:12
Scan lokasi rumah apik vs dubber 🔐🤝👋🤪🇮🇩🚑✍️🛌,Cnj8Gq-Q56A,[EPISOD PENUH] RUMAH TANPA LUKA - EP1,Malaysia drama viral,2026-07-26T22:36:12
lampu buka tutup,Cnj8Gq-Q56A,[EPISOD PENUH] RUMAH TANPA LUKA - EP1,Malaysia drama viral,2026-07-26T22:36:12
Anjayy nadhir nasar cokk,Cnj8Gq-Q56A,[EPISOD PENUH] RUMAH TANPA LUKA - EP1,Malaysia drama viral,2026-07-26T22:36:12
❤❤❤❤❤,Cnj8Gq-Q56A,[EPISOD PENUH] RUMAH TANPA LUKA - EP1,Malaysia drama viral,2026-07-26T22:36:12
44:19 saya single 😬😬😬🙄🙄😲😲,Cnj8Gq-Q56A,[EPISOD PENUH] RUMAH TANPA LUKA - EP1,Malaysia drama viral,2026-07-26T22:36:12
l am  so sorry,Cnj8Gq-Q56A,[EPISOD PENUH] RUMAH TANPA LUKA - EP1,Malaysia drama viral,2026-07-26T22:36:12
Ica,Cnj8Gq-Q56A,[EPISOD PENUH] RUMAH TANPA LUKA - EP1,Malaysia drama viral,2026-07-26T22:36:12
I cd a,Cnj8Gq-Q56A,[EPISOD PENUH] RUMAH TANPA LUKA - EP1,Malaysia drama viral,2026-07-26T22:36:12
I'm watching to learn Malay 😂 and I'm a Gurkha guy. 🇳🇵,Cnj8Gq-Q56A,[EPISOD PENUH] RUMAH TANPA LUKA - EP1,Malaysia drama viral,2026-07-26T22:36:12
Hai,Cnj8Gq-Q56A,[EPISOD PENUH] RUMAH TANPA LUKA - EP1,Malaysia drama viral,2026-07-26T22:36:12
❤❤,Cnj8Gq-Q56A,[EPISOD PENUH] RUMAH TANPA LUKA - EP1,Malaysia drama viral,2026-07-26T22:36:12
wdfgn,Cnj8Gq-Q56A,[EPISOD PENUH] RUMAH TANPA LUKA - EP1,Malaysia drama viral,2026-07-26T22:36:12
Nadhir ke tu,Cnj8Gq-Q56A,[EPISOD PENUH] RUMAH TANPA LUKA - EP1,Malaysia drama viral,2026-07-26T22:36:12
Very sad story tq for everything,Cnj8Gq-Q56A,[EPISOD PENUH] RUMAH TANPA LUKA - EP1,Malaysia drama viral,2026-07-26T22:36:12
الله,Cnj8Gq-Q56A,[EPISOD PENUH] RUMAH TANPA LUKA - EP1,Malaysia drama viral,2026-07-26T22:36:12
😢😢😢😢😢😢😢,Cnj8Gq-Q56A,[EPISOD PENUH] RUMAH TANPA LUKA - EP1,Malaysia drama viral,2026-07-26T22:36:12
Ya allah sedih cerite nii 😢😢,Cnj8Gq-Q56A,[EPISOD PENUH] RUMAH TANPA LUKA - EP1,Malaysia drama viral,2026-07-26T22:36:12
Bagus cerita nya.sedih😢,Cnj8Gq-Q56A,[EPISOD PENUH] RUMAH TANPA LUKA - EP1,Malaysia drama viral,2026-07-26T22:36:12
Laki2 bajingan otak hewan,Cnj8Gq-Q56A,[EPISOD PENUH] RUMAH TANPA LUKA - EP1,Malaysia drama viral,2026-07-26T22:36:12
Terimakasih,Cnj8Gq-Q56A,[EPISOD PENUH] RUMAH TANPA LUKA - EP1,Malaysia drama viral,2026-07-26T22:36:12
Hetehtjwodygslkdkkwkeqgsgzvhxgeewgh,Cnj8Gq-Q56A,[EPISOD PENUH] RUMAH TANPA LUKA - EP1,Malaysia drama viral,2026-07-26T22:36:12
rimas laa tengok rambut jantan ni. buruk sangat,Cnj8Gq-Q56A,[EPISOD PENUH] RUMAH TANPA LUKA - EP1,Malaysia drama viral,2026-07-26T22:36:12
Why don't  you translate the film into Arabic or English,Cnj8Gq-Q56A,[EPISOD PENUH] RUMAH TANPA LUKA - EP1,Malaysia drama viral,2026-07-26T22:36:12
Salam dari Melayu Siak Riau Indonesia,Cnj8Gq-Q56A,[EPISOD PENUH] RUMAH TANPA LUKA - EP1,Malaysia drama viral,2026-07-26T22:36:12
Bagus banget nih filmnya,Cnj8Gq-Q56A,[EPISOD PENUH] RUMAH TANPA LUKA - EP1,Malaysia drama viral,2026-07-26T22:36:12
vgghjjjhhjjkkmkjkkkiokkkkkookloooiokhhooooi888888😊,Cnj8Gq-Q56A,[EPISOD PENUH] RUMAH TANPA LUKA - EP1,Malaysia drama viral,2026-07-26T22:36:12
😢😢😢😢😢😢😢😢😢,Cnj8Gq-Q56A,[EPISOD PENUH] RUMAH TANPA LUKA - EP1,Malaysia drama viral,2026-07-26T22:36:12
Film dramanya sedih bgt 😭😭😭,Cnj8Gq-Q56A,[EPISOD PENUH] RUMAH TANPA LUKA - EP1,Malaysia drama viral,2026-07-26T22:36:12
Kesian nya erysha 😢😢,Cnj8Gq-Q56A,[EPISOD PENUH] RUMAH TANPA LUKA - EP1,Malaysia drama viral,2026-07-26T22:36:12
Suami gila,Cnj8Gq-Q56A,[EPISOD PENUH] RUMAH TANPA LUKA - EP1,Malaysia drama viral,2026-07-26T22:36:12
thanks you,Cnj8Gq-Q56A,[EPISOD PENUH] RUMAH TANPA LUKA - EP1,Malaysia drama viral,2026-07-26T22:36:12
"Itu org se org Pria seharsnya melindungi,. Jahat sangat kpd Anak istri,. Dia lupa klo lahir dari Rahim seorg perempuan 😭🤦",Cnj8Gq-Q56A,[EPISOD PENUH] RUMAH TANPA LUKA - EP1,Malaysia drama viral,2026-07-26T22:36:12
baik,Cnj8Gq-Q56A,[EPISOD PENUH] RUMAH TANPA LUKA - EP1,Malaysia drama viral,2026-07-26T22:36:12
এই নাটকটা অনেক সুন্দর❤,Cnj8Gq-Q56A,[EPISOD PENUH] RUMAH TANPA LUKA - EP1,Malaysia drama viral,2026-07-26T22:36:12
Laki2 brengsek,Cnj8Gq-Q56A,[EPISOD PENUH] RUMAH TANPA LUKA - EP1,Malaysia drama viral,2026-07-26T22:36:12
"aku nk sngt tngok film ni tapi di sebabkan Nadhir aku suka dekat dia sebab dia tu green flag biasanye masa dia berlakon, tapi tengok Nadhir berlakon dengan peran red flag macam ni tk suka la tapi nk sngt tengok akhirnya aku tngok pun",Cnj8Gq-Q56A,[EPISOD PENUH] RUMAH TANPA LUKA - EP1,Malaysia drama viral,2026-07-26T22:36:12
👍👍👍👍💟💟💟👌👌🇱🇷🇱🇷🇱🇷🇧🇩🇧🇩🇧🇩🇧🇩🇧🇩,Cnj8Gq-Q56A,[EPISOD PENUH] RUMAH TANPA LUKA - EP1,Malaysia drama viral,2026-07-26T22:36:12
🥹🥹🥹,Cnj8Gq-Q56A,[EPISOD PENUH] RUMAH TANPA LUKA - EP1,Malaysia drama viral,2026-07-26T22:36:12
Saya day liat cerita ni sangat sedih,Cnj8Gq-Q56A,[EPISOD PENUH] RUMAH TANPA LUKA - EP1,Malaysia drama viral,2026-07-26T22:36:12
Macam tu lah dia isteri di🥹,Cnj8Gq-Q56A,[EPISOD PENUH] RUMAH TANPA LUKA - EP1,Malaysia drama viral,2026-07-26T22:36:12
❤❤❤,Cnj8Gq-Q56A,[EPISOD PENUH] RUMAH TANPA LUKA - EP1,Malaysia drama viral,2026-07-26T22:36:12
Tak sampai hati tengok dia halau anak bini dia kluar rmh.walaupun hanya drama😢tibe sedih pulak aku tgok crite ni❤,Cnj8Gq-Q56A,[EPISOD PENUH] RUMAH TANPA LUKA - EP1,Malaysia drama viral,2026-07-26T22:36:12
Lagu Knp indo wkwk,Cnj8Gq-Q56A,[EPISOD PENUH] RUMAH TANPA LUKA - EP1,Malaysia drama viral,2026-07-26T22:36:12
sya org India I suka serial ni❤,Cnj8Gq-Q56A,[EPISOD PENUH] RUMAH TANPA LUKA - EP1,Malaysia drama viral,2026-07-26T22:36:12
Kenapa ada drama Melayu macam ni ?,Cnj8Gq-Q56A,[EPISOD PENUH] RUMAH TANPA LUKA - EP1,Malaysia drama viral,2026-07-26T22:36:12
36ry8fvjflf fy,Cnj8Gq-Q56A,[EPISOD PENUH] RUMAH TANPA LUKA - EP1,Malaysia drama viral,2026-07-26T22:36:12
Rudhu4😅,Cnj8Gq-Q56A,[EPISOD PENUH] RUMAH TANPA LUKA - EP1,Malaysia drama viral,2026-07-26T22:36:12
Klu tk nak bagi aku la abang akak tu,Cnj8Gq-Q56A,[EPISOD PENUH] RUMAH TANPA LUKA - EP1,Malaysia drama viral,2026-07-26T22:36:12
Aku tgk 4 minit je cite ni...malas aku nk tgk cite cmni..jatuhkn martabat seorg ayah..seorg laki...benci😠,Cnj8Gq-Q56A,[EPISOD PENUH] RUMAH TANPA LUKA - EP1,Malaysia drama viral,2026-07-26T22:36:12
Geh❤gx be ❤f❤v❤gx be fine with vinegar ❤ ❤ 😂 ue enesurh cick😥🤒🥹😚🥹😢🧁 kind ri❤,Cnj8Gq-Q56A,[EPISOD PENUH] RUMAH TANPA LUKA - EP1,Malaysia drama viral,2026-07-26T22:36:12
Cuntuhnya laki gila,Cnj8Gq-Q56A,[EPISOD PENUH] RUMAH TANPA LUKA - EP1,Malaysia drama viral,2026-07-26T22:36:12
𝕂𝕖𝕝𝕒𝕜𝕒𝕣 𝕝𝕒𝕤𝕥 𝕥𝕦.. 𝕋𝕖𝕣𝕔𝕒𝕓𝕦𝕥 𝕣𝕞𝕓𝕦𝕥 𝕡𝕒𝕝𝕤𝕦 🤣🤣🤣🤣🤣🤣🤣,Cnj8Gq-Q56A,[EPISOD PENUH] RUMAH TANPA LUKA - EP1,Malaysia drama viral,2026-07-26T22:36:12
"Tak skrg ni mse pkai wig dh ala pondan, skli trcbut wig serupa mak nyah...hahahahahahaha",Cnj8Gq-Q56A,[EPISOD PENUH] RUMAH TANPA LUKA - EP1,Malaysia drama viral,2026-07-26T22:36:12
"Jahat ye Hayyan engkau pun tak dilahirkan tak normal engkau dah cerai Gan Kalsom engkau
Nk rujuk balik gila je ao",Cnj8Gq-Q56A,[EPISOD PENUH] RUMAH TANPA LUKA - EP1,Malaysia drama viral,2026-07-26T22:36:12
Njirtt rambut nya copot😂,Cnj8Gq-Q56A,[EPISOD PENUH] RUMAH TANPA LUKA - EP1,Malaysia drama viral,2026-07-26T22:36:12
Comel ank dia,Cnj8Gq-Q56A,[EPISOD PENUH] RUMAH TANPA LUKA - EP1,Malaysia drama viral,2026-07-26T22:36:12
Kesian nye tengokkne halau,Cnj8Gq-Q56A,[EPISOD PENUH] RUMAH TANPA LUKA - EP1,Malaysia drama viral,2026-07-26T22:36:12
Mna ank perempuan tu,Cnj8Gq-Q56A,[EPISOD PENUH] RUMAH TANPA LUKA - EP1,Malaysia drama viral,2026-07-26T22:36:12
Nape semua orang benci dia 😢,Cnj8Gq-Q56A,[EPISOD PENUH] RUMAH TANPA LUKA - EP1,Malaysia drama viral,2026-07-26T22:36:12
Nenek the cute syy❤❤,Cnj8Gq-Q56A,[EPISOD PENUH] RUMAH TANPA LUKA - EP1,Malaysia drama viral,2026-07-26T22:36:12
at 44:35 lmaoo dh la extra pstu acah lebih be like 🤔🤔😂😂,Cnj8Gq-Q56A,[EPISOD PENUH] RUMAH TANPA LUKA - EP1,Malaysia drama viral,2026-07-26T22:36:12
At 11:35  lol kaku giler bile milo extra berlakon😂😂😆😆😅✌🏼🤗 seyes do aku tergelak 🤷🏼‍♂️,Cnj8Gq-Q56A,[EPISOD PENUH] RUMAH TANPA LUKA - EP1,Malaysia drama viral,2026-07-26T22:36:12
Cewek NY juga sombong..,Cnj8Gq-Q56A,[EPISOD PENUH] RUMAH TANPA LUKA - EP1,Malaysia drama viral,2026-07-26T22:36:12
Laki-laki kejam gk punya hati 😢,Cnj8Gq-Q56A,[EPISOD PENUH] RUMAH TANPA LUKA - EP1,Malaysia drama viral,2026-07-26T22:36:12
"Yuk kita sembelih,kita mutilasi ayahnya, emosi gw lihat ayahnya, bangsat, bajingan dajjal kalau ada manusia seperti itu",Cnj8Gq-Q56A,[EPISOD PENUH] RUMAH TANPA LUKA - EP1,Malaysia drama viral,2026-07-26T22:36:12
Episode 5 n seterus ny mn ne..,Cnj8Gq-Q56A,[EPISOD PENUH] RUMAH TANPA LUKA - EP1,Malaysia drama viral,2026-07-26T22:36:12
Lia Viskit,Cnj8Gq-Q56A,[EPISOD PENUH] RUMAH TANPA LUKA - EP1,Malaysia drama viral,2026-07-26T22:36:12
Mantap ini film bagus sangat salam dari indonesia madura,Cnj8Gq-Q56A,[EPISOD PENUH] RUMAH TANPA LUKA - EP1,Malaysia drama viral,2026-07-26T22:36:12
অনেক কিছু একটা,Cnj8Gq-Q56A,[EPISOD PENUH] RUMAH TANPA LUKA - EP1,Malaysia drama viral,2026-07-26T22:36:12
"Dahlah tak Handsome, jahat pla tuu😂😂",Cnj8Gq-Q56A,[EPISOD PENUH] RUMAH TANPA LUKA - EP1,Malaysia drama viral,2026-07-26T22:36:12
Watching from pakistan !!!,Cnj8Gq-Q56A,[EPISOD PENUH] RUMAH TANPA LUKA - EP1,Malaysia drama viral,2026-07-26T22:36:12
Drama Malaysia ujung tahun yg paling best tajuk lagu utama juga,Cnj8Gq-Q56A,[EPISOD PENUH] RUMAH TANPA LUKA - EP1,Malaysia drama viral,2026-07-26T22:36:12
Pandaii nyee lahh melawann😂😂😅😅❤❤🎉🎉,Cnj8Gq-Q56A,[EPISOD PENUH] RUMAH TANPA LUKA - EP1,Malaysia drama viral,2026-07-26T22:36:12
👍👍👍,Cnj8Gq-Q56A,[EPISOD PENUH] RUMAH TANPA LUKA - EP1,Malaysia drama viral,2026-07-26T22:36:12
",💞💞💞💞💞💞",Cnj8Gq-Q56A,[EPISOD PENUH] RUMAH TANPA LUKA - EP1,Malaysia drama viral,2026-07-26T22:36:12
Terima kasih kepada pihak yang bagitahulah,Cnj8Gq-Q56A,[EPISOD PENUH] RUMAH TANPA LUKA - EP1,Malaysia drama viral,2026-07-26T22:36:12
Aku tapap juga laki ni,Cnj8Gq-Q56A,[EPISOD PENUH] RUMAH TANPA LUKA - EP1,Malaysia drama viral,2026-07-26T22:36:12
Semua lelaki akan menjadi seperti itu di sana,Cnj8Gq-Q56A,[EPISOD PENUH] RUMAH TANPA LUKA - EP1,Malaysia drama viral,2026-07-26T22:36:12
macam cikgu hiragi betul-betul,Cnj8Gq-Q56A,[EPISOD PENUH] RUMAH TANPA LUKA - EP1,Malaysia drama viral,2026-07-26T22:36:12
Sjs somihs slmige xlmihs spkoojd dokoj😊😊😊,Cnj8Gq-Q56A,[EPISOD PENUH] RUMAH TANPA LUKA - EP1,Malaysia drama viral,2026-07-26T22:36:12
TAK BAIK BUAT NENE MACAMTU,Cnj8Gq-Q56A,[EPISOD PENUH] RUMAH TANPA LUKA - EP1,Malaysia drama viral,2026-07-26T22:36:12
Rindu nyee sekolah lama saye dekt danau kota ni 😢,Cnj8Gq-Q56A,[EPISOD PENUH] RUMAH TANPA LUKA - EP1,Malaysia drama viral,2026-07-26T22:36:12
Bewbejejewkkwkwiwjwjwjwjeejejjjjejjejejejeejjejeekejjejjejjejejkhbnenennemeeekekeekkeken ebejjeieieoowoeooeeoeoeiwowb3n3nenebenejejwjwknemek,Cnj8Gq-Q56A,[EPISOD PENUH] RUMAH TANPA LUKA - EP1,Malaysia drama viral,2026-07-26T22:36:12
"Ibrahim macam orang gila,nak suruh dahlia kahwin dengan yasir,dahlia belajar tak habis lagi,kata kalsom taknak kahwin,betul kalsom kata,dia taknak",Cnj8Gq-Q56A,[EPISOD PENUH] RUMAH TANPA LUKA - EP1,Malaysia drama viral,2026-07-26T22:36:12
Ape,Cnj8Gq-Q56A,[EPISOD PENUH] RUMAH TANPA LUKA - EP1,Malaysia drama viral,2026-07-26T22:36:12
Best,Cnj8Gq-Q56A,[EPISOD PENUH] RUMAH TANPA LUKA - EP1,Malaysia drama viral,2026-07-26T22:36:12
Suka sgt tgk watak jas tu ckp korea..dgn ekspresinya skali,lovAAL8tgrM,Telemovie Tiga Andartu Cancel Raya (2026),Malaysia drama viral,2026-07-26T22:36:14
indonesia hadir,lovAAL8tgrM,Telemovie Tiga Andartu Cancel Raya (2026),Malaysia drama viral,2026-07-26T22:36:14
"Serulah ceritanya, salam dari Indonesia ☺",lovAAL8tgrM,Telemovie Tiga Andartu Cancel Raya (2026),Malaysia drama viral,2026-07-26T22:36:14
Rindu nye nk rye dgn vbes lme lme 🥹,lovAAL8tgrM,Telemovie Tiga Andartu Cancel Raya (2026),Malaysia drama viral,2026-07-26T22:36:14
Hehehe.. Best citer ni🤣🤣🤣🤣🤣,lovAAL8tgrM,Telemovie Tiga Andartu Cancel Raya (2026),Malaysia drama viral,2026-07-26T22:36:14
klkr bila org Korea brlakon cite melayu😂😂😂,lovAAL8tgrM,Telemovie Tiga Andartu Cancel Raya (2026),Malaysia drama viral,2026-07-26T22:36:14
😂😂😂,lovAAL8tgrM,Telemovie Tiga Andartu Cancel Raya (2026),Malaysia drama viral,2026-07-26T22:36:14
😅,lovAAL8tgrM,Telemovie Tiga Andartu Cancel Raya (2026),Malaysia drama viral,2026-07-26T22:36:14
Lucu laaa seronok tgk ❤,lovAAL8tgrM,Telemovie Tiga Andartu Cancel Raya (2026),Malaysia drama viral,2026-07-26T22:36:14
Emm,lovAAL8tgrM,Telemovie Tiga Andartu Cancel Raya (2026),Malaysia drama viral,2026-07-26T22:36:14
Aku tengok cerita ni sbb ada mariam😂,lovAAL8tgrM,Telemovie Tiga Andartu Cancel Raya (2026),Malaysia drama viral,2026-07-26T22:36:14
Baik,lovAAL8tgrM,Telemovie Tiga Andartu Cancel Raya (2026),Malaysia drama viral,2026-07-26T22:36:14
Teringat Zaman drama Semperit ... 3 dara yg ni 3 andalusia,lovAAL8tgrM,Telemovie Tiga Andartu Cancel Raya (2026),Malaysia drama viral,2026-07-26T22:36:14
On top,lovAAL8tgrM,Telemovie Tiga Andartu Cancel Raya (2026),Malaysia drama viral,2026-07-26T22:36:14
Mcm tgok crita korea plak part mariam ckp korea tu😂😂baju tido munah tu sma la dgn baju aku🤣🤣tkejut tgok dia pkaj bju sama,lovAAL8tgrM,Telemovie Tiga Andartu Cancel Raya (2026),Malaysia drama viral,2026-07-26T22:36:14
best kali ni cerita sebb ada mariam je tgk hehe 😅,lovAAL8tgrM,Telemovie Tiga Andartu Cancel Raya (2026),Malaysia drama viral,2026-07-26T22:36:14
Paling suka nonton filim Malaysia ni favorit sangat lh besst pokok nya 🥰,lovAAL8tgrM,Telemovie Tiga Andartu Cancel Raya (2026),Malaysia drama viral,2026-07-26T22:36:14
"10 hari nak raya, cuti la.. g buat umrah.. sbut umrah je, mesti takde org kacau..",lovAAL8tgrM,Telemovie Tiga Andartu Cancel Raya (2026),Malaysia drama viral,2026-07-26T22:36:14
Cerita ni banyak pengajaran,lovAAL8tgrM,Telemovie Tiga Andartu Cancel Raya (2026),Malaysia drama viral,2026-07-26T22:36:14
One of the best show komedi I watch,lovAAL8tgrM,Telemovie Tiga Andartu Cancel Raya (2026),Malaysia drama viral,2026-07-26T22:36:14
Ka Munah,lovAAL8tgrM,Telemovie Tiga Andartu Cancel Raya (2026),Malaysia drama viral,2026-07-26T22:36:14
Yang tak pakai tudung  tu mirip aktris Thailand.,lovAAL8tgrM,Telemovie Tiga Andartu Cancel Raya (2026),Malaysia drama viral,2026-07-26T22:36:14
hahah aku ingt Syafiq Kyle la td 😂haduiii,lovAAL8tgrM,Telemovie Tiga Andartu Cancel Raya (2026),Malaysia drama viral,2026-07-26T22:36:14
WEHHH DIA MAKAN NASI GORENG KIMCI FAMILY MART HAHAHAHAHAHAHAH,lovAAL8tgrM,Telemovie Tiga Andartu Cancel Raya (2026),Malaysia drama viral,2026-07-26T22:36:14
Mariam ni cantiklah haaii... Lawak lagi...,lovAAL8tgrM,Telemovie Tiga Andartu Cancel Raya (2026),Malaysia drama viral,2026-07-26T22:36:14
"cerita ni saya buka 2 kali je.. datang laki aku, dia bukak hari2.. naik hafal dah jalan cerita.. hahaha",lovAAL8tgrM,Telemovie Tiga Andartu Cancel Raya (2026),Malaysia drama viral,2026-07-26T22:36:14
ini klau tambahkan noreen dengan aya memang letop................ sebb dorg ni smue lawak2,lovAAL8tgrM,Telemovie Tiga Andartu Cancel Raya (2026),Malaysia drama viral,2026-07-26T22:36:14
Yg tak pakai tudung tu rambut warna peran sy tgk mcm pelakon Thai tu namanya Tukki😅,lovAAL8tgrM,Telemovie Tiga Andartu Cancel Raya (2026),Malaysia drama viral,2026-07-26T22:36:14
Dyorg buat kerja untuk org kampung free ke apa ni? Ada job bulan puasa cas la lebih sikit . Mana ada org buat kerja free dalam dunia ni.,lovAAL8tgrM,Telemovie Tiga Andartu Cancel Raya (2026),Malaysia drama viral,2026-07-26T22:36:14
Mariam dh macam mark adam versi perempuan 😂😂😂,lovAAL8tgrM,Telemovie Tiga Andartu Cancel Raya (2026),Malaysia drama viral,2026-07-26T22:36:14
Terbaik drama raya yg pernah saya tgk...mantap semua pelakon..semoga production boleh keluarkan lg movie yg gempak dan lebih win..tq kerana telah berjaya menghiburkan hati kami semua.,lovAAL8tgrM,Telemovie Tiga Andartu Cancel Raya (2026),Malaysia drama viral,2026-07-26T22:36:14
Vest lh ada mayam😂,lovAAL8tgrM,Telemovie Tiga Andartu Cancel Raya (2026),Malaysia drama viral,2026-07-26T22:36:14
ada nasz sally confirm jadi...,lovAAL8tgrM,Telemovie Tiga Andartu Cancel Raya (2026),Malaysia drama viral,2026-07-26T22:36:14
Film malay ngak pernah gagal😂 .. Dari awal sampe akhir kocak😂,lovAAL8tgrM,Telemovie Tiga Andartu Cancel Raya (2026),Malaysia drama viral,2026-07-26T22:36:14
Knp la d sembunyikan kain tu membeli tp tiada pulangannya merugikan ja😂,lovAAL8tgrM,Telemovie Tiga Andartu Cancel Raya (2026),Malaysia drama viral,2026-07-26T22:36:14
Mertua nger Kali?❤️,lovAAL8tgrM,Telemovie Tiga Andartu Cancel Raya (2026),Malaysia drama viral,2026-07-26T22:36:14
❤🩷🥰💖🎥,lovAAL8tgrM,Telemovie Tiga Andartu Cancel Raya (2026),Malaysia drama viral,2026-07-26T22:36:14
Weyyy ada adek Syafiq Kyle laaa,lovAAL8tgrM,Telemovie Tiga Andartu Cancel Raya (2026),Malaysia drama viral,2026-07-26T22:36:14
jadah iklan mls nk tgk,lovAAL8tgrM,Telemovie Tiga Andartu Cancel Raya (2026),Malaysia drama viral,2026-07-26T22:36:14
"Wahyu 1:18 Akulah Dia yang hidup, dan telah mati; dan, lihatlah, Aku hidup untuk selama-lamanya, Amin; dan mempunyai kunci neraka dan kematian.

Bagi sesiapa yang tidak mempercayai Alkitab adalah benar, dan bahawa Yesus Kristus bukanlah Anak Tuhan. Setiap nubuatan yang pernah ditulis telah berlaku, termasuk sekarang pada zaman kita. Dan tiada kata-kata atau kehidupan orang lain dalam sejarah telah direkodkan dengan lebih tepat daripada Yesus Kristus, dengan beribu-ribu orang menyaksikan mukjizat dan firman-Nya, kebenaran jelas tidak datang beratus-ratus tahun selepasnya, apabila dia memberitahu kita satu-satunya jalan ke syurga.

Dan Tuhan memberi kesaksian tentang siapa Dia, itulah sebabnya seluruh dunia kita berdasarkan kehidupannya, SM dan AD. Jangan melepaskan pemberian percuma kehidupan kekal, tanpa mencari Tuhan terlebih dahulu dan bertanya kepadanya apa yang benar. Sesiapa yang melakukannya akan sentiasa dibawa kepada Yesus Kristus, kerana dia adalah satu-satunya jalan ke syurga seperti yang dia katakan kepada kita. Tuhan memberkati.",lovAAL8tgrM,Telemovie Tiga Andartu Cancel Raya (2026),Malaysia drama viral,2026-07-26T22:36:14
Bestt dok ulang 3kli dh..,lovAAL8tgrM,Telemovie Tiga Andartu Cancel Raya (2026),Malaysia drama viral,2026-07-26T22:36:14
Cerita raya lawak paling win setakat nie 😂😂,lovAAL8tgrM,Telemovie Tiga Andartu Cancel Raya (2026),Malaysia drama viral,2026-07-26T22:36:14
Cerita ini lah yang ku tunggu ada juga best cerita ini😊😂😂,lovAAL8tgrM,Telemovie Tiga Andartu Cancel Raya (2026),Malaysia drama viral,2026-07-26T22:36:14
Lama x tengok cerita raya mcm ni.,lovAAL8tgrM,Telemovie Tiga Andartu Cancel Raya (2026),Malaysia drama viral,2026-07-26T22:36:14
Best cite nye ..,lovAAL8tgrM,Telemovie Tiga Andartu Cancel Raya (2026),Malaysia drama viral,2026-07-26T22:36:14
Banyak pelajaran yg bisa di kutip dari film ini,us6lO6isUn0,Telefilem Sebatas Waktu (2025),Malaysia drama viral,2026-07-26T22:36:15
Adakah orang Malaysia yang miskin?,us6lO6isUn0,Telefilem Sebatas Waktu (2025),Malaysia drama viral,2026-07-26T22:36:15
Lanjutan samapai k4rja dan succes,us6lO6isUn0,Telefilem Sebatas Waktu (2025),Malaysia drama viral,2026-07-26T22:36:15
"Kenape akak Toha cepat sangat meninggal 
Baru seru seru lepas akak Toha insiden dia d rawat dulu baru cun",us6lO6isUn0,Telefilem Sebatas Waktu (2025),Malaysia drama viral,2026-07-26T22:36:15
Konek.kak.eka..isma.il.gaes,us6lO6isUn0,Telefilem Sebatas Waktu (2025),Malaysia drama viral,2026-07-26T22:36:15
Ke malaysia,us6lO6isUn0,Telefilem Sebatas Waktu (2025),Malaysia drama viral,2026-07-26T22:36:15
Bapak faham maksud kata,us6lO6isUn0,Telefilem Sebatas Waktu (2025),Malaysia drama viral,2026-07-26T22:36:15
😢😢😢😢😢😢😢 ini pilem bagus.. semoga berjaya amin.....,us6lO6isUn0,Telefilem Sebatas Waktu (2025),Malaysia drama viral,2026-07-26T22:36:15
Kaltim 😢😢😢🎉🎉🎉🎉🎉,us6lO6isUn0,Telefilem Sebatas Waktu (2025),Malaysia drama viral,2026-07-26T22:36:15
Xlogiknyaaa😂 handfon bru bli letak kt carrier blkg😂😂😂😂,us6lO6isUn0,Telefilem Sebatas Waktu (2025),Malaysia drama viral,2026-07-26T22:36:15
Nyesak sedih bgt 😢😢😢😢😢,us6lO6isUn0,Telefilem Sebatas Waktu (2025),Malaysia drama viral,2026-07-26T22:36:15
Sedih nye walaupun hnye lakonan😢,us6lO6isUn0,Telefilem Sebatas Waktu (2025),Malaysia drama viral,2026-07-26T22:36:15
Mengandung banyak bawang merah 🥹 🥹,us6lO6isUn0,Telefilem Sebatas Waktu (2025),Malaysia drama viral,2026-07-26T22:36:15
Very very good movie,us6lO6isUn0,Telefilem Sebatas Waktu (2025),Malaysia drama viral,2026-07-26T22:36:15
Aaahh sesak banget rasanya dada ini nontonnya 😢,us6lO6isUn0,Telefilem Sebatas Waktu (2025),Malaysia drama viral,2026-07-26T22:36:15
Ya Allah sedih x🥹🥰🥹🥹🥹,us6lO6isUn0,Telefilem Sebatas Waktu (2025),Malaysia drama viral,2026-07-26T22:36:15
❤🥲🥹🥹🥹🥹,us6lO6isUn0,Telefilem Sebatas Waktu (2025),Malaysia drama viral,2026-07-26T22:36:15
Nonton film Malaysia nih emg mnguras air mata 😢😢😢😢😢🎉🎉🎉🎉🎉❤❤❤,us6lO6isUn0,Telefilem Sebatas Waktu (2025),Malaysia drama viral,2026-07-26T22:36:15
Sesak dada lihat film ni😭😭😭,us6lO6isUn0,Telefilem Sebatas Waktu (2025),Malaysia drama viral,2026-07-26T22:36:15
Bagus sekli cerita nya,us6lO6isUn0,Telefilem Sebatas Waktu (2025),Malaysia drama viral,2026-07-26T22:36:15
"Ingin sekali jagi warga Malaysia, tapi tidak tau gmn caranya😢😢😢",us6lO6isUn0,Telefilem Sebatas Waktu (2025),Malaysia drama viral,2026-07-26T22:36:15
Saya suka sangat film Melayu🤗,us6lO6isUn0,Telefilem Sebatas Waktu (2025),Malaysia drama viral,2026-07-26T22:36:15
Konek ABG.meuses.gamu,us6lO6isUn0,Telefilem Sebatas Waktu (2025),Malaysia drama viral,2026-07-26T22:36:15
Bestlah,us6lO6isUn0,Telefilem Sebatas Waktu (2025),Malaysia drama viral,2026-07-26T22:36:15
Paling sukses nnton film malaysia nih😍,us6lO6isUn0,Telefilem Sebatas Waktu (2025),Malaysia drama viral,2026-07-26T22:36:15
Nangisss,us6lO6isUn0,Telefilem Sebatas Waktu (2025),Malaysia drama viral,2026-07-26T22:36:15
Terharulah,us6lO6isUn0,Telefilem Sebatas Waktu (2025),Malaysia drama viral,2026-07-26T22:36:15
terharu sekali dengan isi ceritanya.,us6lO6isUn0,Telefilem Sebatas Waktu (2025),Malaysia drama viral,2026-07-26T22:36:15
biadap punya jantan . langsung tak reti tanggungjawab,us6lO6isUn0,Telefilem Sebatas Waktu (2025),Malaysia drama viral,2026-07-26T22:36:15
🥺🥺🥺,us6lO6isUn0,Telefilem Sebatas Waktu (2025),Malaysia drama viral,2026-07-26T22:36:15
alhamdullilah,us6lO6isUn0,Telefilem Sebatas Waktu (2025),Malaysia drama viral,2026-07-26T22:36:15
❤❤🎉🎉,us6lO6isUn0,Telefilem Sebatas Waktu (2025),Malaysia drama viral,2026-07-26T22:36:15
Menangislah aku dibuatnya 😢😢😢😢,us6lO6isUn0,Telefilem Sebatas Waktu (2025),Malaysia drama viral,2026-07-26T22:36:15
Bandung lagi nonton,us6lO6isUn0,Telefilem Sebatas Waktu (2025),Malaysia drama viral,2026-07-26T22:36:15
Kot iye pun nak check HP check la kat tmp yg ok..bukan tmp laluan ke ke kenderaan,us6lO6isUn0,Telefilem Sebatas Waktu (2025),Malaysia drama viral,2026-07-26T22:36:15
"Selalu sukaa film2 dari negara jiran ni...ceritanya sangat mendidik, sesuai ajaran agama Islam...best gilee...salam santun dari negeri Minang Indonesia :)",us6lO6isUn0,Telefilem Sebatas Waktu (2025),Malaysia drama viral,2026-07-26T22:36:15
"Aku mmang benci cerita2 mcmni.. terjerit2 dgn org tua, ujung2 mnyesal ,drama bodoh,bagi contoh x baik pada penonton",us6lO6isUn0,Telefilem Sebatas Waktu (2025),Malaysia drama viral,2026-07-26T22:36:15
Seru,us6lO6isUn0,Telefilem Sebatas Waktu (2025),Malaysia drama viral,2026-07-26T22:36:15
"Nk buat cita tu len kli jgn ada scene buang mknan,lempaq2 mknan,tu rezeki dri Allah..biaq cerdik sikit klw nk buat cita tu",us6lO6isUn0,Telefilem Sebatas Waktu (2025),Malaysia drama viral,2026-07-26T22:36:15
Seriusla🎉,us6lO6isUn0,Telefilem Sebatas Waktu (2025),Malaysia drama viral,2026-07-26T22:36:15
Lama tak nampak intan ladyanaa,us6lO6isUn0,Telefilem Sebatas Waktu (2025),Malaysia drama viral,2026-07-26T22:36:15
sepanjang film tidak berhenti mengeluarkan air mata film nya the best dan akting pemain nya the best salam dari indonesia❤,us6lO6isUn0,Telefilem Sebatas Waktu (2025),Malaysia drama viral,2026-07-26T22:36:15
Bessttt... 😢,us6lO6isUn0,Telefilem Sebatas Waktu (2025),Malaysia drama viral,2026-07-26T22:36:15
gila pnya bos cuci krta tu,us6lO6isUn0,Telefilem Sebatas Waktu (2025),Malaysia drama viral,2026-07-26T22:36:15
Mlm,us6lO6isUn0,Telefilem Sebatas Waktu (2025),Malaysia drama viral,2026-07-26T22:36:15
bestttt ❤😢😢,us6lO6isUn0,Telefilem Sebatas Waktu (2025),Malaysia drama viral,2026-07-26T22:36:15
Assalammualaikum,us6lO6isUn0,Telefilem Sebatas Waktu (2025),Malaysia drama viral,2026-07-26T22:36:15
Baru dapat tgk Cite ni..raya hari tu terlepas..boleh upload telefilem kasihnya ibu lakonan Lisdawati,us6lO6isUn0,Telefilem Sebatas Waktu (2025),Malaysia drama viral,2026-07-26T22:36:15
Sedihh❤,us6lO6isUn0,Telefilem Sebatas Waktu (2025),Malaysia drama viral,2026-07-26T22:36:15
baik ade banyek.. modery,1p6A8Gmt8dk,Film sedih banget malaysia aku yang kau tinggalkan,Malaysia drama viral,2026-07-26T22:36:16
"Keren Banget sich, ALHAMDULILLAAH",1p6A8Gmt8dk,Film sedih banget malaysia aku yang kau tinggalkan,Malaysia drama viral,2026-07-26T22:36:16
No 1 ga ada lagi  no terakhir di cari,1p6A8Gmt8dk,Film sedih banget malaysia aku yang kau tinggalkan,Malaysia drama viral,2026-07-26T22:36:16
Judul filmny tolong dong kk🥲,1p6A8Gmt8dk,Film sedih banget malaysia aku yang kau tinggalkan,Malaysia drama viral,2026-07-26T22:36:16
Judul filimnya apa?...,1p6A8Gmt8dk,Film sedih banget malaysia aku yang kau tinggalkan,Malaysia drama viral,2026-07-26T22:36:16
Sy suka cerita ni sbb watak ank2 istimewa tu lebih realistik & x over mcm kebanyakan drama melayu.. sbb ank2 sy pun istimewa je jenis mild mcm watak along & angah..,XI8-RUfxuz0,Kabut Semalam : [Eng. Sub Full Movie],Malaysia drama viral,2026-07-26T22:36:18
Macam kes saya 😢 ayah saya exciden dan meninggal waktu saya 8bulan dan adik saya dlm perut 😭,XI8-RUfxuz0,Kabut Semalam : [Eng. Sub Full Movie],Malaysia drama viral,2026-07-26T22:36:18
Aku nangis banget😭😭😭😭,XI8-RUfxuz0,Kabut Semalam : [Eng. Sub Full Movie],Malaysia drama viral,2026-07-26T22:36:18
Sedih sgt,XI8-RUfxuz0,Kabut Semalam : [Eng. Sub Full Movie],Malaysia drama viral,2026-07-26T22:36:18
Sungguh ibu yg luar sangat luar biasa,XI8-RUfxuz0,Kabut Semalam : [Eng. Sub Full Movie],Malaysia drama viral,2026-07-26T22:36:18
Ikhlas itu memang berat...  Tapi hanya biasa d lakukan oleh orang2 pilihan,XI8-RUfxuz0,Kabut Semalam : [Eng. Sub Full Movie],Malaysia drama viral,2026-07-26T22:36:18
30.06.2026 Selasa sore .tangisku pecah Mak cii😢,XI8-RUfxuz0,Kabut Semalam : [Eng. Sub Full Movie],Malaysia drama viral,2026-07-26T22:36:18
Citer penuh pengajaran...,XI8-RUfxuz0,Kabut Semalam : [Eng. Sub Full Movie],Malaysia drama viral,2026-07-26T22:36:18
"Dari crita ini aku belajar tau, bahwa tangisan seorang ibu selalu tidak terlihat oleh anaknya😭❤️
Love ummi, semoga Allah selalu menyayangi dan menjaga mu ❤🤲🏻",XI8-RUfxuz0,Kabut Semalam : [Eng. Sub Full Movie],Malaysia drama viral,2026-07-26T22:36:18
Masya Allah sabarnya ibu mereka,XI8-RUfxuz0,Kabut Semalam : [Eng. Sub Full Movie],Malaysia drama viral,2026-07-26T22:36:18
Sedih filmnya terharu😢,XI8-RUfxuz0,Kabut Semalam : [Eng. Sub Full Movie],Malaysia drama viral,2026-07-26T22:36:18
Masya Allah sbr bgt ibunyaa😢,XI8-RUfxuz0,Kabut Semalam : [Eng. Sub Full Movie],Malaysia drama viral,2026-07-26T22:36:18
"Nangis bangetttt aku,😭😭😭",XI8-RUfxuz0,Kabut Semalam : [Eng. Sub Full Movie],Malaysia drama viral,2026-07-26T22:36:18
alur cerita bgus tp sayang banget kurang gregett expresi pemain nya datar2 aja,XI8-RUfxuz0,Kabut Semalam : [Eng. Sub Full Movie],Malaysia drama viral,2026-07-26T22:36:18
Wan kamu bangsat,XI8-RUfxuz0,Kabut Semalam : [Eng. Sub Full Movie],Malaysia drama viral,2026-07-26T22:36:18
😢😢😢😢😢😢😢😢,XI8-RUfxuz0,Kabut Semalam : [Eng. Sub Full Movie],Malaysia drama viral,2026-07-26T22:36:18
Cerita yang memandulkan minda masyarkat!!!(Boleh pulak x report polis!) Bangang jenis apa nihh)😡,XI8-RUfxuz0,Kabut Semalam : [Eng. Sub Full Movie],Malaysia drama viral,2026-07-26T22:36:18
"Mantappp
Ini yang saya cari selama ini",XI8-RUfxuz0,Kabut Semalam : [Eng. Sub Full Movie],Malaysia drama viral,2026-07-26T22:36:18
ceritanya bagus ..pengajaran pada semua .. kalau betul2 menghayati serius rasa vibes tu.. rasa bagaimana mnjadi seorang ibu yg sabar tenang .. pemaaf,XI8-RUfxuz0,Kabut Semalam : [Eng. Sub Full Movie],Malaysia drama viral,2026-07-26T22:36:18
😢,XI8-RUfxuz0,Kabut Semalam : [Eng. Sub Full Movie],Malaysia drama viral,2026-07-26T22:36:18
Ya,XI8-RUfxuz0,Kabut Semalam : [Eng. Sub Full Movie],Malaysia drama viral,2026-07-26T22:36:18
Film Malaysia ini sangat baik❤❤❤,XI8-RUfxuz0,Kabut Semalam : [Eng. Sub Full Movie],Malaysia drama viral,2026-07-26T22:36:18
"Saya orang Indonesia-Riau. Suka sangat dengan cerita ni. Banyak pesan moral, dan satu lagi pelakon tak berlebihan. Sangat sangat sesuai. Dan akhirnya.....,aku menangis.",XI8-RUfxuz0,Kabut Semalam : [Eng. Sub Full Movie],Malaysia drama viral,2026-07-26T22:36:18
Alaa cutenye didi..  ❤,XI8-RUfxuz0,Kabut Semalam : [Eng. Sub Full Movie],Malaysia drama viral,2026-07-26T22:36:18
Gasuka sama anga,XI8-RUfxuz0,Kabut Semalam : [Eng. Sub Full Movie],Malaysia drama viral,2026-07-26T22:36:18
Kesel gw ama maknya. Lalai.,XI8-RUfxuz0,Kabut Semalam : [Eng. Sub Full Movie],Malaysia drama viral,2026-07-26T22:36:18
"Drama Melayu tak pernah gagal semua bagus² , salam dari Indonesia ❤",XI8-RUfxuz0,Kabut Semalam : [Eng. Sub Full Movie],Malaysia drama viral,2026-07-26T22:36:18
kasihnya ibu please admin❤,XI8-RUfxuz0,Kabut Semalam : [Eng. Sub Full Movie],Malaysia drama viral,2026-07-26T22:36:18
aku orang jakarta-indonesia tapi lebih suka film² malay,XI8-RUfxuz0,Kabut Semalam : [Eng. Sub Full Movie],Malaysia drama viral,2026-07-26T22:36:18
Cerita yg ada kesedaran dan pengajaran,XI8-RUfxuz0,Kabut Semalam : [Eng. Sub Full Movie],Malaysia drama viral,2026-07-26T22:36:18
"Assalamualikum 
Salam jumaat 🙏 
Beta baginda Sultan zubaidah as sultan incharge skrg ini islam religion berithu seluruh dunia bakal suami tercinta beta tunku Abdul rahman akan bergelar baginda Sultan Abdul rahman hassanal jefri di kuala Lumpur selepas nikah",XI8-RUfxuz0,Kabut Semalam : [Eng. Sub Full Movie],Malaysia drama viral,2026-07-26T22:36:18
"Assalamualikum 
Salam jumaat 🙏 
Alamak 😱 nasi sambal goreng sambal sardine kenapa tk buat police report boleh buat test DNA TEST JADI TAHU SIAPA YG BUAT BODOH",XI8-RUfxuz0,Kabut Semalam : [Eng. Sub Full Movie],Malaysia drama viral,2026-07-26T22:36:18
"Assalamualikum 
Salam jumaat 🙏 
Beta baginda Sultan zubaidah as sultan incharge skrg ini islam religion 
Apa daa bukan ke boleh tumpang  kn dia juga kn bicycle boleh masuk kn dlm kereta punya bonex belakang",XI8-RUfxuz0,Kabut Semalam : [Eng. Sub Full Movie],Malaysia drama viral,2026-07-26T22:36:18
"Assalamualikum 
Salam jumaat 🙏 
Alamak 😱 nasi sambal goreng sambal sardine da tua tk sedar diri sendirian brhd nk dgn muda",XI8-RUfxuz0,Kabut Semalam : [Eng. Sub Full Movie],Malaysia drama viral,2026-07-26T22:36:18
"Assalamualikum 
Salam jumaat 🙏 
Beta baginda Sultan zubaidah as sultan incharge skrg ini islam religion 
Alamak 😱 nasi sambal goreng paru eh elah hai action jep setakat cawan pecah jep nk mesti ganti rugi company 2 sekiranya ada customer terpecah kn gelas boss tk minta ganti rugi pun",XI8-RUfxuz0,Kabut Semalam : [Eng. Sub Full Movie],Malaysia drama viral,2026-07-26T22:36:18
Aku NK lamar dua² beranak 😂 part laki setan Tu kalau Aku abang si angah Tu mmg mati la jantan Tu dgn Aku barua betul shiball !! Baran lak Aku !,XI8-RUfxuz0,Kabut Semalam : [Eng. Sub Full Movie],Malaysia drama viral,2026-07-26T22:36:18
!,XI8-RUfxuz0,Kabut Semalam : [Eng. Sub Full Movie],Malaysia drama viral,2026-07-26T22:36:18
https://youtu.be/KiZCQVpZ8gM?si=x7ZpPEwqM9_P4608,XI8-RUfxuz0,Kabut Semalam : [Eng. Sub Full Movie],Malaysia drama viral,2026-07-26T22:36:18
"Filmnya bikin sedih, 😭😭, ibunya ibu yg hebat",XI8-RUfxuz0,Kabut Semalam : [Eng. Sub Full Movie],Malaysia drama viral,2026-07-26T22:36:18
Araff ke tu ?,XI8-RUfxuz0,Kabut Semalam : [Eng. Sub Full Movie],Malaysia drama viral,2026-07-26T22:36:18
"Nangis pas ibunya bilang, jadi ibu yg sabar , baik penyayang.... Angah nya jawab anak nya tak ada bapak 😭",XI8-RUfxuz0,Kabut Semalam : [Eng. Sub Full Movie],Malaysia drama viral,2026-07-26T22:36:18
ALLAH IS ENOUGH ❤,XI8-RUfxuz0,Kabut Semalam : [Eng. Sub Full Movie],Malaysia drama viral,2026-07-26T22:36:18
Akibat degil lalu,XI8-RUfxuz0,Kabut Semalam : [Eng. Sub Full Movie],Malaysia drama viral,2026-07-26T22:36:18
Angah dah takde ke 😢😢😢😢😢😢,XI8-RUfxuz0,Kabut Semalam : [Eng. Sub Full Movie],Malaysia drama viral,2026-07-26T22:36:18
im from banglash realy its so sedi i waching and cry,XI8-RUfxuz0,Kabut Semalam : [Eng. Sub Full Movie],Malaysia drama viral,2026-07-26T22:36:18
"Sedih cerita ini, kayak mana nasib anak aku yg autism kedepan nya😭😭😭",XI8-RUfxuz0,Kabut Semalam : [Eng. Sub Full Movie],Malaysia drama viral,2026-07-26T22:36:18
crying..... time ending air mata dah tak terbendung,XI8-RUfxuz0,Kabut Semalam : [Eng. Sub Full Movie],Malaysia drama viral,2026-07-26T22:36:18
"Hei Mamana wan jngan kau kirain anakmu itu bagus,dari wjahnya sy bisa menilainya bahwa anakmu gak bagus menghamili anak orang..Anakmu tak pernah kau didik dngn agama makanya seenaknya mempermainkn anak orang.malu2in anak kamu itu.",XI8-RUfxuz0,Kabut Semalam : [Eng. Sub Full Movie],Malaysia drama viral,2026-07-26T22:36:18
Mf dari kalbar indonosia,XI8-RUfxuz0,Kabut Semalam : [Eng. Sub Full Movie],Malaysia drama viral,2026-07-26T22:36:18
Mf s,XI8-RUfxuz0,Kabut Semalam : [Eng. Sub Full Movie],Malaysia drama viral,2026-07-26T22:36:18
"Kayaknya cowok ini gak bagus,masa' sih perginya kerja tau taunya kelain  namanya simpangin kelain.",XI8-RUfxuz0,Kabut Semalam : [Eng. Sub Full Movie],Malaysia drama viral,2026-07-26T22:36:18
Sabar nyaa ibu dia,XI8-RUfxuz0,Kabut Semalam : [Eng. Sub Full Movie],Malaysia drama viral,2026-07-26T22:36:18
Endingnya gak asik,XI8-RUfxuz0,Kabut Semalam : [Eng. Sub Full Movie],Malaysia drama viral,2026-07-26T22:36:18
"Saya juga suka sekali menonton film Malaysia, filmnya bagus bagus dan sangat mendidik.",XI8-RUfxuz0,Kabut Semalam : [Eng. Sub Full Movie],Malaysia drama viral,2026-07-26T22:36:18
"Ibu sehat, kenape tak ibu je  yang keje?",XI8-RUfxuz0,Kabut Semalam : [Eng. Sub Full Movie],Malaysia drama viral,2026-07-26T22:36:18
"Saya dari kalimantan timur Indonesia,drama Melayu macam ni yang tak pernah lekang the best sangat story nya, tahniah untuk para pelakon luar biasa",XI8-RUfxuz0,Kabut Semalam : [Eng. Sub Full Movie],Malaysia drama viral,2026-07-26T22:36:18
Tibe2 termenangis plk saat2 dkt akhir drama..ape2 pun cite ni memang best ..drama terbaik,XI8-RUfxuz0,Kabut Semalam : [Eng. Sub Full Movie],Malaysia drama viral,2026-07-26T22:36:18
Ceritanya memberi pelajaran kita hidup harus menghormati yg lebih tua,XI8-RUfxuz0,Kabut Semalam : [Eng. Sub Full Movie],Malaysia drama viral,2026-07-26T22:36:18
Ibuny sm muda dgn ankny,XI8-RUfxuz0,Kabut Semalam : [Eng. Sub Full Movie],Malaysia drama viral,2026-07-26T22:36:18
Tengok  dd ni macam Erin malek....,XI8-RUfxuz0,Kabut Semalam : [Eng. Sub Full Movie],Malaysia drama viral,2026-07-26T22:36:18
Ceritanya seru walaupun byk sedihnya,XI8-RUfxuz0,Kabut Semalam : [Eng. Sub Full Movie],Malaysia drama viral,2026-07-26T22:36:18
bagus flm ni❤❤❤,XI8-RUfxuz0,Kabut Semalam : [Eng. Sub Full Movie],Malaysia drama viral,2026-07-26T22:36:18
Terbaik cerita ada pengajaran disebaliknya..kesabaran seorang ibu..dlm mendidik anak² 🥹,XI8-RUfxuz0,Kabut Semalam : [Eng. Sub Full Movie],Malaysia drama viral,2026-07-26T22:36:18
Masya Allah cantik dan solehahnya lah tgok didi astillah suke tengok.,XI8-RUfxuz0,Kabut Semalam : [Eng. Sub Full Movie],Malaysia drama viral,2026-07-26T22:36:18
Dan.semua.perbuatan.akan.pasti.akan.di.balas.sesuai.usaha.manusia.itu.,XI8-RUfxuz0,Kabut Semalam : [Eng. Sub Full Movie],Malaysia drama viral,2026-07-26T22:36:18
Ya.benar.naluriy.ibu.seakan.kebaca.sesuatu.berkaitan.dgn.anak.anak.nya.dan.yg.main.main.dgn.doa.ibu.sungguh.allah.maha.peyanyang.kepada.kaum.ibu.asli.mai.yaki.alhamdulillah,XI8-RUfxuz0,Kabut Semalam : [Eng. Sub Full Movie],Malaysia drama viral,2026-07-26T22:36:18
"Lupa.yati
Gomong.dalam.mimpi.itu.saya.di
Ganggu.miyet.banyak.ley.that.bahasa.aceh.tiba.tiba.dalam.mimpi.itu.abang.wujud.singa.data
Gusir.moyet.itu.yg.gangu.yati.aceh
Guley.rampo.mas.yana.nasehat.mu.bagus.semua.mas",XI8-RUfxuz0,Kabut Semalam : [Eng. Sub Full Movie],Malaysia drama viral,2026-07-26T22:36:18
Ya.allah.yati.kembali.igat.mimpi.yg.lalu.dalam.mimpi.itu.abang.berwujud.singa.melindungi.yati.aceh.cuma.saya.bigung.beliou.roh.abang.kandug.aku.kah.yang.megigat.kan.saya.untuk.meninggal.kan.pasagan.saya.sekarang.yg.tak.pernah.ke.mesjid.se.umur.hidup.emang.dia.solat.itu.pun.banyak.tinggal.ya.allah.bantu.aku.mecari.jalan.keluar.dari.masalah.hidup.ku.sual.orang.itu.sudah.banyak.jasa.untuk.aku.mas.yana.mohon.nasehat.mas,XI8-RUfxuz0,Kabut Semalam : [Eng. Sub Full Movie],Malaysia drama viral,2026-07-26T22:36:18
Bagus ceritanyaa,XI8-RUfxuz0,Kabut Semalam : [Eng. Sub Full Movie],Malaysia drama viral,2026-07-26T22:36:18
Terbaikkkk,XI8-RUfxuz0,Kabut Semalam : [Eng. Sub Full Movie],Malaysia drama viral,2026-07-26T22:36:18
"Luas bnr hati sang ibu.
Aku nangis😢",XI8-RUfxuz0,Kabut Semalam : [Eng. Sub Full Movie],Malaysia drama viral,2026-07-26T22:36:18
Hati ibu terbuat dari apa😭😭😭😭😭. Kuat dan tabah sangat,XI8-RUfxuz0,Kabut Semalam : [Eng. Sub Full Movie],Malaysia drama viral,2026-07-26T22:36:18
Ya Allah lapang sekali hati seorang ibu😢😢,XI8-RUfxuz0,Kabut Semalam : [Eng. Sub Full Movie],Malaysia drama viral,2026-07-26T22:36:18
"Filem terbaru 2025
https://youtu.be/wxhhCmdsYog",XI8-RUfxuz0,Kabut Semalam : [Eng. Sub Full Movie],Malaysia drama viral,2026-07-26T22:36:18
Nangis parah liatnya,XI8-RUfxuz0,Kabut Semalam : [Eng. Sub Full Movie],Malaysia drama viral,2026-07-26T22:36:18
Ya Allah sedihnya 😭😭,XI8-RUfxuz0,Kabut Semalam : [Eng. Sub Full Movie],Malaysia drama viral,2026-07-26T22:36:18
Orang malaysia jahat jahat semua😢,XI8-RUfxuz0,Kabut Semalam : [Eng. Sub Full Movie],Malaysia drama viral,2026-07-26T22:36:18
terbaik cerita ni.,XI8-RUfxuz0,Kabut Semalam : [Eng. Sub Full Movie],Malaysia drama viral,2026-07-26T22:36:18
Hadir saya ibu kepada ank astisme jgn pernah rasa malu punya ank syurga,XI8-RUfxuz0,Kabut Semalam : [Eng. Sub Full Movie],Malaysia drama viral,2026-07-26T22:36:18
Kren flmny kwn smangat trus berkarya smuga smakin elok bermanfaat tontonanny👏👍🙋‍♂️🙋‍♀️,XI8-RUfxuz0,Kabut Semalam : [Eng. Sub Full Movie],Malaysia drama viral,2026-07-26T22:36:18
Wah. best ceritanya. Adui. Air mata xbenti mengalir. Kuatnya ibu dia.,XI8-RUfxuz0,Kabut Semalam : [Eng. Sub Full Movie],Malaysia drama viral,2026-07-26T22:36:18
"Bagus sekali ceritanya sukses membuat saya keluar air mata,, ibu yang sabar sekali ❤️",XI8-RUfxuz0,Kabut Semalam : [Eng. Sub Full Movie],Malaysia drama viral,2026-07-26T22:36:18
Assalamualaikum die orang nie semua pelakon sebenar ataupun orang biase je.sebab lakonan die langsung tak ade cacat cela.mmg terbaik.cume ade perasaan marah sikit je sebab manusia bernafsu binatang NIE...,XI8-RUfxuz0,Kabut Semalam : [Eng. Sub Full Movie],Malaysia drama viral,2026-07-26T22:36:18
Come didi mcm wawa zainal❤,XI8-RUfxuz0,Kabut Semalam : [Eng. Sub Full Movie],Malaysia drama viral,2026-07-26T22:36:18
Flim nya mengandung bawang😢,XI8-RUfxuz0,Kabut Semalam : [Eng. Sub Full Movie],Malaysia drama viral,2026-07-26T22:36:18
"saye orang Kepulauan Riau,suke tengok movie Malaysia,best",XI8-RUfxuz0,Kabut Semalam : [Eng. Sub Full Movie],Malaysia drama viral,2026-07-26T22:36:18
Pelakon cerita ni semua tutup aurat.,XI8-RUfxuz0,Kabut Semalam : [Eng. Sub Full Movie],Malaysia drama viral,2026-07-26T22:36:18
Anak angah tidak bole duduk serumah dgn wan..,XI8-RUfxuz0,Kabut Semalam : [Eng. Sub Full Movie],Malaysia drama viral,2026-07-26T22:36:18
"nangissss terus, film yg menyayat hati, bnyak pesan positifnya juga",XI8-RUfxuz0,Kabut Semalam : [Eng. Sub Full Movie],Malaysia drama viral,2026-07-26T22:36:18
Teringat anak saya❤,XI8-RUfxuz0,Kabut Semalam : [Eng. Sub Full Movie],Malaysia drama viral,2026-07-26T22:36:18
Cg pendidikan khas hadir 😊🤭 gini jugak laa melayan anak anak autisme kat sekolah . Btw cerita best 👍🏼🥰,XI8-RUfxuz0,Kabut Semalam : [Eng. Sub Full Movie],Malaysia drama viral,2026-07-26T22:36:18
Izzy reef asyik dapat watak autism ek,XI8-RUfxuz0,Kabut Semalam : [Eng. Sub Full Movie],Malaysia drama viral,2026-07-26T22:36:18
"Sesulit apa pun masalah, kalo kita ikhlas, sabar.dan ada ibu. Dunia akan baik baik saja 🥺😭 rindu ibu yang dah jauh disana.",XI8-RUfxuz0,Kabut Semalam : [Eng. Sub Full Movie],Malaysia drama viral,2026-07-26T22:36:18
Sedihh😢,XI8-RUfxuz0,Kabut Semalam : [Eng. Sub Full Movie],Malaysia drama viral,2026-07-26T22:36:18
Pelem malisya,XI8-RUfxuz0,Kabut Semalam : [Eng. Sub Full Movie],Malaysia drama viral,2026-07-26T22:36:18
Sedih cite ni... mak dia/along mmg redha seredha nya.. kita ni pun tak mampu.. 😢😢😢,XI8-RUfxuz0,Kabut Semalam : [Eng. Sub Full Movie],Malaysia drama viral,2026-07-26T22:36:18
"Tolong la buat 1 cerita tentang anak adhd pulak pls. Dyslexia dah ada, autism ada. Adhd belum ada lg",XI8-RUfxuz0,Kabut Semalam : [Eng. Sub Full Movie],Malaysia drama viral,2026-07-26T22:36:18
ada smbungan tak?,XI8-RUfxuz0,Kabut Semalam : [Eng. Sub Full Movie],Malaysia drama viral,2026-07-26T22:36:18
Apa jadi pada angah.Adik aku dah menangis tengok cita ni,XI8-RUfxuz0,Kabut Semalam : [Eng. Sub Full Movie],Malaysia drama viral,2026-07-26T22:36:18
